1	1	1
2	1	0
3	1	-3
4	1	0
5	1	-3
6	1	2
7	1	-1
8	1	-2
9	1	-3
10	1	-1
11	1	-2
12	1	-2
13	1	0
14	1	0
15	1	-3
16	1	1
17	1	-3
18	1	1
19	1	-3
20	1	-2
21	1	-2
22	1	0
23	1	3
24	1	0
25	1	1
26	1	1
27	1	0
28	1	0
29	1	0
30	1	0
31	1	-2
32	1	-1
33	1	4
34	1	1
35	1	2
36	1	0
37	1	-3
38	1	-4
39	1	0
40	1	-2
41	1	2
42	1	0
43	1	-1
44	1	-1
45	1	2
46	1	0
47	1	-1
48	1	-2
49	1	-3
50	1	-2
51	1	-2
52	1	0
53	1	-2
54	1	0
55	1	-1
56	1	-1
57	1	0
58	1	1
59	1	-4
60	1	0
61	1	0
62	1	-1
63	1	1
64	1	-1
65	1	-1
66	1	0
67	1	1
68	1	-3
69	1	0
70	1	-3
71	1	3
72	1	-3
73	1	3
74	1	-3
75	1	-3
76	1	-2
77	1	2
78	1	1
79	1	2
80	1	1
81	1	-3
82	1	-1
83	1	-1
84	1	-3
85	1	-1
86	1	-1
87	1	0
88	1	3
89	1	2
90	1	-3
91	1	-1
92	1	-1
93	1	1
94	1	-4
95	1	-3
96	1	-2
97	1	0
98	1	0
99	1	-3
100	1	0
101	1	-3
102	1	-1
103	1	0
104	1	2
105	1	2
106	1	3
107	1	-3
108	1	0
109	1	-1
110	1	2
111	1	-1
112	1	-4
113	1	-1
114	1	-2
115	1	0
116	1	-3
117	1	2
118	1	-1
119	1	-3
120	1	0
121	1	1
122	1	2
123	1	0
124	1	0
125	1	-4
126	1	1
127	1	0
128	1	0
129	1	-2
130	1	-3
131	1	-2
132	1	-2
133	1	1
134	1	0
135	1	-2
136	1	0
137	1	-1
138	1	2
139	1	-2
140	1	-4
141	1	-2
142	1	-5
143	1	-4
144	1	0
145	1	2
146	1	-1
147	1	1
148	1	-2
149	1	0
150	1	-1
151	1	0
152	1	2
153	1	-1
154	1	0
155	1	-4
156	1	3
157	1	0
158	1	-3
159	1	-3
160	1	2
161	1	4
162	1	3
163	1	-3
164	1	0
165	1	0
166	1	0
167	1	0
168	1	-1
169	1	-6
170	1	3
171	1	0
172	1	-2
173	1	2
174	1	0
175	1	-4
176	1	2
177	1	0
178	1	0
179	1	2
180	1	0
181	1	-1
182	1	-4
183	1	-4
184	1	-3
185	1	-1
186	1	-2
187	1	-4
188	1	2
189	1	2
190	1	-2
191	1	-2
192	1	1
193	1	-3
194	1	-3
195	1	-3
196	1	1
197	1	1
198	1	-3
199	1	-2
200	1	2
201	1	-2
202	1	0
203	1	-4
204	1	2
205	1	2
206	1	-4
207	1	0
208	1	1
209	1	3
210	1	-2
211	1	0
212	1	2
213	1	2
214	1	-4
215	1	-4
216	1	-1
217	1	1
218	1	-1
219	1	3
220	1	-2
221	1	1
222	1	0
223	1	0
224	1	1
225	1	2
226	1	-3
227	1	-3
228	1	-2
229	1	0
230	1	3
231	1	-3
232	1	3
233	1	-1
234	1	-1
235	1	-4
236	1	0
237	1	0
238	1	-1
239	1	2
240	1	-3
241	1	-2
242	1	1
243	1	2
244	1	-1
245	1	-3
246	1	0
247	1	3
248	1	-2
249	1	-2
250	1	2
251	1	-3
252	1	-3
253	1	1
254	1	0
255	1	2
256	1	1
257	1	3
258	1	3
259	1	-2
260	1	4
261	1	1
262	1	0
263	1	-2
264	1	2
265	1	1
266	1	-3
267	1	1
268	1	0
269	1	1
270	1	1
271	1	0
272	1	0
273	1	0
274	1	-1
275	1	0
276	1	3
277	1	0
278	1	-4
279	1	-2
280	1	-1
281	1	0
282	1	1
283	1	-5
284	1	0
285	1	2
286	1	0
287	1	-2
288	1	0
289	1	0
290	1	0
291	1	-1
292	1	1
293	1	-3
294	1	1
295	1	-1
296	1	-3
297	1	0
298	1	-3
299	1	-4
300	1	1
301	1	1
302	1	0
303	1	-1
304	1	0
305	1	-2
306	1	-5
307	1	1
308	1	2
309	1	2
310	1	1
311	1	0
312	1	-3
313	1	-2
314	1	-1
315	1	-3
316	1	0
317	1	-1
318	1	0
319	1	-2
320	1	-1
321	1	3
322	1	4
323	1	-3
324	1	2
325	1	-3
326	1	2
327	1	3
328	1	-1
329	1	-6
330	1	0
331	1	-3
332	1	-4
333	1	-1
334	1	1
335	1	0
336	1	2
337	1	0
338	1	2
339	1	1
340	1	2
341	1	2
342	1	1
343	1	-2
344	1	3
345	1	-3
346	1	-4
347	1	2
348	1	-3
349	1	2
350	1	0
351	1	-5
352	1	-2
353	1	-1
354	1	-4
355	1	-1
356	1	0
357	1	0
358	1	0
359	1	2
360	1	0
361	1	-4
362	1	0
363	1	-2
364	1	0
365	1	0
366	1	-3
367	1	2
368	1	2
369	1	-2
370	1	-1
371	1	-1
372	1	2
373	1	-1
374	1	-1
375	1	-5
376	1	2
377	1	-2
378	1	-3
379	1	3
380	1	-3
381	1	1
382	1	0
383	1	-2
384	1	0
385	1	4
386	1	2
387	1	-3
388	1	-3
389	1	0
390	1	-4
391	1	-3
392	1	0
393	1	-3
394	1	1
395	1	-2
396	1	3
397	1	1
398	1	2
399	1	-4
400	1	2
401	1	-2
402	1	-1
403	1	2
404	1	-2
405	1	1
406	1	0
407	1	-1
408	1	-3
409	1	0
410	1	-2
411	1	-1
412	1	-3
413	1	0
414	1	0
415	1	2
416	1	-1
417	1	1
418	1	-3
419	1	-3
420	1	0
421	1	0
422	1	-2
423	1	2
424	1	0
425	1	0
426	1	-3
427	1	-2
428	1	2
429	1	2
430	1	-3
431	1	-6
432	1	2
433	1	-4
434	1	0
435	1	-4
436	1	-1
437	1	2
438	1	1
439	1	3
440	1	-6
441	1	1
442	1	-3
443	1	2
444	1	0
445	1	2
446	1	1
447	1	3
448	1	0
449	1	-3
450	1	-1
451	1	-1
452	1	0
453	1	-2
454	1	1
455	1	-2
456	1	0
457	1	1
458	1	-3
459	1	-2
460	1	-2
461	1	-2
462	1	2
463	1	-2
464	1	-2
465	1	-2
466	1	2
467	1	-4
468	1	2
469	1	0
470	1	-4
471	1	-2
472	1	-4
473	1	0
474	1	-2
475	1	-3
476	1	-3
477	1	2
478	1	-3
479	1	0
480	1	0
481	1	3
482	1	-2
483	1	-2
484	1	-1
485	1	-2
486	1	1
487	1	0
488	1	2
489	1	2
490	1	-3
491	1	3
492	1	-1
493	1	-3
494	1	-3
495	1	0
496	1	1
497	1	0
498	1	-1
499	1	0
500	1	1
501	1	0
502	1	-1
503	1	2
504	1	1
505	1	-1
506	1	-5
507	1	2
508	1	-2
509	1	-1
510	1	1
511	1	-2
512	1	0
513	1	3
514	1	0
515	1	0
516	1	3
517	1	-1
518	1	-2
519	1	-1
520	1	0
521	1	1
522	1	0
523	1	0
524	1	-5
525	1	-3
526	1	-4
527	1	2
528	1	0
529	1	1
530	1	-2
531	1	-4
532	1	-3
533	1	0
534	1	-3
535	1	-2
536	1	-4
537	1	0
538	1	0
539	1	-1
540	1	0
541	1	2
542	1	0
543	1	-5
544	1	-1
545	1	0
546	1	0
547	1	-3
548	1	-4
549	1	0
550	1	-3
551	1	-2
552	1	-2
553	1	-2
554	1	-1
555	1	-3
556	1	-2
557	1	2
558	1	1
559	1	1
560	1	1
561	1	-3
562	1	0
563	1	-3
564	1	-2
565	1	-1
566	1	-1
567	1	2
568	1	-4
569	1	1
570	1	1
571	1	-1
572	1	0
573	1	-2
574	1	2
575	1	-3
576	1	1
577	1	0
578	1	-4
579	1	-2
580	1	0
581	1	2
582	1	-1
583	1	3
584	1	0
585	1	0
586	1	3
587	1	-1
588	1	-3
589	1	0
590	1	-3
591	1	-3
592	1	2
593	1	3
594	1	0
595	1	-5
596	1	0
597	1	2
598	1	-2
599	1	-1
600	1	3
601	1	-1
602	1	-1
603	1	-4
604	1	2
605	1	-1
606	1	-1
607	1	-1
608	1	-2
609	1	2
610	1	-1
611	1	2
612	1	-3
613	1	-3
614	1	-4
615	1	2
616	1	3
617	1	-1
618	1	-3
619	1	-2
620	1	0
621	1	0
622	1	-1
623	1	0
624	1	1
625	1	-2
626	1	-1
627	1	-1
628	1	2
629	1	-3
630	1	0
631	1	0
632	1	-3
633	1	-2
634	1	-2
635	1	0
636	1	-1
637	1	-2
638	1	0
639	1	-4
640	1	0
641	1	-1
642	1	1
643	1	1
644	1	1
645	1	1
646	1	1
647	1	0
648	1	0
649	1	-1
650	1	-5
651	1	1
652	1	2
653	1	-1
654	1	-2
655	1	-2
656	1	0
657	1	0
658	1	1
659	1	-1
660	1	1
661	1	-2
662	1	-2
663	1	-3
664	1	-6
665	1	-1
666	1	-2
667	1	3
668	1	2
669	1	-3
670	1	-2
671	1	-2
672	1	1
673	1	-3
674	1	-1
675	1	0
676	1	-1
677	1	-4
678	1	-2
679	1	-1
680	1	-2
681	1	0
682	1	2
683	1	1
684	1	2
685	1	1
686	1	1
687	1	2
688	1	-1
689	1	0
690	1	2
691	1	2
692	1	0
693	1	2
694	1	-1
695	1	2
696	1	0
697	1	-1
698	1	0
699	1	-3
700	1	3
701	1	2
702	1	2
703	1	2
704	1	0
705	1	-4
706	1	0
707	1	1
708	1	-2
709	1	1
710	1	-1
711	1	0
712	1	-1
713	1	4
714	1	2
715	1	0
716	1	2
717	1	0
718	1	2
719	1	2
720	1	0
721	1	1
722	1	2
723	1	0
724	1	0
725	1	1
726	1	-1
727	1	-2
728	1	1
729	1	0
730	1	-2
731	1	2
732	1	0
733	1	1
734	1	2
735	1	0
736	1	-3
737	1	-5
738	1	-1
739	1	1
740	1	2
741	1	-4
742	1	-1
743	1	-2
744	1	-1
745	1	-2
746	1	2
747	1	0
748	1	-1
749	1	0
750	1	-3
751	1	2
752	1	0
753	1	-1
754	1	2
755	1	-3
756	1	2
757	1	-2
758	1	3
759	1	0
760	1	2
761	1	0
762	1	0
763	1	-3
764	1	-2
765	1	2
766	1	0
767	1	1
768	1	-3
769	1	2
770	1	1
771	1	0
772	1	0
773	1	-3
774	1	3
775	1	-1
776	1	3
777	1	0
778	1	-3
779	1	0
780	1	1
781	1	-2
782	1	2
783	1	-3
784	1	1
785	1	0
786	1	-1
787	1	-2
788	1	0
789	1	-2
790	1	1
791	1	0
792	1	2
793	1	-2
794	1	-1
795	1	3
796	1	1
797	1	-1
798	1	-1
799	1	3
800	1	0
801	1	0
802	1	4
803	1	2
804	1	2
805	1	0
806	1	1
807	1	0
808	1	-3
809	1	0
810	1	1
811	1	1
812	1	-2
813	1	-3
814	1	0
815	1	0
816	1	-2
817	1	0
818	1	2
819	1	3
820	1	1
821	1	-2
822	1	0
823	1	3
824	1	0
825	1	-2
826	1	-4
827	1	3
828	1	2
829	1	0
830	1	2
831	1	0
832	1	-2
833	1	-3
834	1	-3
835	1	1
836	1	1
837	1	1
838	1	-4
839	1	-1
840	1	1
841	1	-3
842	1	-4
843	1	-2
844	1	1
845	1	-2
846	1	2
847	1	2
848	1	-2
849	1	-2
850	1	-1
851	1	-1
852	1	-1
853	1	0
854	1	-1
855	1	-2
856	1	2
857	1	0
858	1	1
859	1	2
860	1	3
861	1	0
862	1	-3
863	1	2
864	1	0
865	1	0
866	1	0
867	1	0
868	1	-3
869	1	1
870	1	-3
871	1	0
872	1	-4
873	1	0
874	1	2
875	1	-1
876	1	0
877	1	0
878	1	-1
879	1	2
880	1	-2
881	1	-3
882	1	-1
883	1	-2
884	1	0
885	1	-2
886	1	0
887	1	-3
888	1	-2
889	1	1
890	1	0
891	1	-3
892	1	-3
893	1	-1
894	1	-2
895	1	3
896	1	1
897	1	2
898	1	-1
899	1	3
900	1	-4
901	1	-5
902	1	1
903	1	-2
904	1	0
905	1	-3
906	1	2
907	1	0
908	1	0
909	1	0
910	1	1
911	1	-1
912	1	-1
913	1	-2
914	1	-2
915	1	0
916	1	2
917	1	-1
918	1	-2
919	1	-5
920	1	0
921	1	0
922	1	0
923	1	-3
924	1	-3
925	1	-1
926	1	2
927	1	0
928	1	-2
929	1	-1
930	1	-1
931	1	2
932	1	-4
933	1	1
934	1	1
935	1	0
936	1	-2
937	1	2
938	1	0
939	1	0
940	1	-4
941	1	2
942	1	0
943	1	0
944	1	-3
945	1	2
946	1	0
947	1	2
948	1	2
949	1	-2
950	1	-2
951	1	2
952	1	2
953	1	2
954	1	-1
955	1	2
956	1	-3
957	1	-3
958	1	-1
959	1	0
960	1	1
961	1	4
962	1	1
963	1	-2
964	1	-2
965	1	-1
966	1	-1
967	1	0
968	1	-1
969	1	-5
970	1	2
971	1	0
972	1	2
973	1	-3
974	1	0
975	1	0
976	1	0
977	1	-1
978	1	1
979	1	2
980	1	1
981	1	0
982	1	-3
983	1	4
984	1	-2
985	1	0
986	1	-2
987	1	2
988	1	0
989	1	0
990	1	2
991	1	-4
992	1	1
993	1	2
994	1	3
995	1	-1
996	1	-1
997	1	-2
998	1	0
999	1	-1
1000	1	-2
1001	1	0
1002	1	-3
1003	1	0
1004	1	-1
1005	1	2
1006	1	-2
1007	1	0
1008	1	-2
1009	1	2
1010	1	2
1011	1	2
1012	1	-1
1013	1	-1
1014	1	3
1015	1	2
1016	1	2
1017	1	1
1018	1	1
1019	1	0
1020	1	1
1021	1	0
1022	1	-1
1023	1	-1
1024	1	1
1	2	-3
2	2	0
3	2	-1
4	2	0
5	2	2
6	2	-1
7	2	2
8	2	0
9	2	0
10	2	-1
11	2	1
12	2	2
13	2	-3
14	2	0
15	2	2
16	2	-3
17	2	1
18	2	2
19	2	1
20	2	1
21	2	0
22	2	2
23	2	-2
24	2	0
25	2	-2
26	2	-3
27	2	0
28	2	-3
29	2	2
30	2	0
31	2	2
32	2	1
33	2	0
34	2	-3
35	2	-2
36	2	0
37	2	0
38	2	2
39	2	3
40	2	1
41	2	1
42	2	0
43	2	1
44	2	2
45	2	-1
46	2	0
47	2	3
48	2	2
49	2	-2
50	2	1
51	2	0
52	2	3
53	2	3
54	2	2
55	2	1
56	2	-4
57	2	2
58	2	-1
59	2	-2
60	2	0
61	2	0
62	2	-5
63	2	-1
64	2	-3
65	2	0
66	2	-1
67	2	0
68	2	-2
69	2	0
70	2	2
71	2	-2
72	2	0
73	2	-1
74	2	2
75	2	3
76	2	1
77	2	0
78	2	1
79	2	-1
80	2	-3
81	2	2
82	2	-1
83	2	-2
84	2	3
85	2	3
86	2	1
87	2	0
88	2	-2
89	2	-2
90	2	2
91	2	-3
92	2	5
93	2	0
94	2	1
95	2	1
96	2	3
97	2	0
98	2	0
99	2	3
100	2	0
101	2	2
102	2	-3
103	2	0
104	2	-4
105	2	0
106	2	-3
107	2	3
108	2	0
109	2	1
110	2	-3
111	2	-1
112	2	2
113	2	0
114	2	1
115	2	-4
116	2	-1
117	2	1
118	2	1
119	2	2
120	2	-1
121	2	-3
122	2	-3
123	2	0
124	2	0
125	2	2
126	2	1
127	2	0
128	2	-1
129	2	-4
130	2	0
131	2	3
132	2	1
133	2	1
134	2	-1
135	2	0
136	2	-1
137	2	0
138	2	-3
139	2	2
140	2	1
141	2	0
142	2	3
143	2	-1
144	2	0
145	2	-1
146	2	2
147	2	-2
148	2	1
149	2	-3
150	2	3
151	2	-1
152	2	-2
153	2	0
154	2	-1
155	2	2
156	2	3
157	2	0
158	2	3
159	2	2
160	2	-1
161	2	0
162	2	2
163	2	1
164	2	-5
165	2	-3
166	2	0
167	2	-3
168	2	-2
169	2	1
170	2	-2
171	2	-2
172	2	-3
173	2	-1
174	2	0
175	2	2
176	2	-1
177	2	-4
178	2	2
179	2	-2
180	2	0
181	2	3
182	2	3
183	2	-2
184	2	1
185	2	2
186	2	3
187	2	0
188	2	2
189	2	0
190	2	2
191	2	2
192	2	3
193	2	-2
194	2	-3
195	2	2
196	2	-2
197	2	-4
198	2	1
199	2	-3
200	2	-3
201	2	3
202	2	0
203	2	2
204	2	-3
205	2	-3
206	2	4
207	2	0
208	2	-3
209	2	-1
210	2	2
211	2	0
212	2	-3
213	2	-3
214	2	2
215	2	2
216	2	3
217	2	0
218	2	-4
219	2	-1
220	2	2
221	2	-3
222	2	0
223	2	-2
224	2	-2
225	2	-3
226	2	2
227	2	-2
228	2	3
229	2	-3
230	2	-1
231	2	-3
232	2	-4
233	2	-1
234	2	2
235	2	3
236	2	0
237	2	0
238	2	0
239	2	-2
240	2	2
241	2	-6
242	2	-1
243	2	-2
244	2	2
245	2	-1
246	2	0
247	2	-2
248	2	2
249	2	1
250	2	-3
251	2	2
252	2	2
253	2	-2
254	2	0
255	2	-2
256	2	-3
257	2	-3
258	2	-1
259	2	-2
260	2	1
261	2	-3
262	2	0
263	2	1
264	2	-1
265	2	0
266	2	0
267	2	-3
268	2	0
269	2	-3
270	2	-3
271	2	1
272	2	0
273	2	1
274	2	0
275	2	0
276	2	-3
277	2	-1
278	2	3
279	2	1
280	2	-2
281	2	0
282	2	-3
283	2	-5
284	2	2
285	2	-2
286	2	-3
287	2	2
288	2	0
289	2	-3
290	2	0
291	2	-2
292	2	1
293	2	3
294	2	1
295	2	2
296	2	1
297	2	0
298	2	0
299	2	3
300	2	2
301	2	0
302	2	0
303	2	3
304	2	-3
305	2	2
306	2	-5
307	2	-3
308	2	-3
309	2	-3
310	2	-1
311	2	0
312	2	1
313	2	-5
314	2	-1
315	2	1
316	2	0
317	2	0
318	2	-3
319	2	3
320	2	0
321	2	-2
322	2	3
323	2	2
324	2	-4
325	2	3
326	2	-2
327	2	-3
328	2	0
329	2	0
330	2	0
331	2	2
332	2	-2
333	2	1
334	2	-2
335	2	0
336	2	-3
337	2	0
338	2	-2
339	2	2
340	2	-3
341	2	-2
342	2	1
343	2	4
344	2	1
345	2	-4
346	2	3
347	2	-2
348	2	2
349	2	-2
350	2	-2
351	2	1
352	2	2
353	2	-3
354	2	0
355	2	0
356	2	1
357	2	0
358	2	0
359	2	3
360	2	0
361	2	-1
362	2	-3
363	2	2
364	2	-1
365	2	-2
366	2	3
367	2	-2
368	2	-1
369	2	-1
370	2	-1
371	2	-4
372	2	-1
373	2	2
374	2	0
375	2	2
376	2	-1
377	2	2
378	2	3
379	2	-2
380	2	0
381	2	4
382	2	1
383	2	-2
384	2	0
385	2	-2
386	2	1
387	2	-1
388	2	3
389	2	-4
390	2	2
391	2	-2
392	2	0
393	2	-1
394	2	-2
395	2	3
396	2	-3
397	2	-1
398	2	-3
399	2	3
400	2	-2
401	2	-1
402	2	0
403	2	-2
404	2	3
405	2	-4
406	2	-3
407	2	0
408	2	2
409	2	0
410	2	1
411	2	-2
412	2	-3
413	2	-1
414	2	-1
415	2	-1
416	2	-3
417	2	-4
418	2	1
419	2	2
420	2	0
421	2	0
422	2	1
423	2	2
424	2	3
425	2	1
426	2	2
427	2	1
428	2	-2
429	2	0
430	2	1
431	2	-1
432	2	-2
433	2	-2
434	2	0
435	2	2
436	2	3
437	2	-4
438	2	-2
439	2	-2
440	2	1
441	2	2
442	2	3
443	2	-1
444	2	-3
445	2	-2
446	2	1
447	2	0
448	2	0
449	2	2
450	2	2
451	2	-2
452	2	-2
453	2	0
454	2	-3
455	2	1
456	2	0
457	2	-4
458	2	3
459	2	1
460	2	0
461	2	1
462	2	-1
463	2	2
464	2	2
465	2	0
466	2	-1
467	2	2
468	2	-2
469	2	0
470	2	1
471	2	1
472	2	-1
473	2	2
474	2	2
475	2	-3
476	2	1
477	2	3
478	2	1
479	2	4
480	2	1
481	2	-4
482	2	-2
483	2	2
484	2	-2
485	2	2
486	2	5
487	2	0
488	2	-4
489	2	1
490	2	-2
491	2	0
492	2	2
493	2	0
494	2	2
495	2	-2
496	2	-1
497	2	-1
498	2	1
499	2	0
500	2	-2
501	2	-1
502	2	2
503	2	-2
504	2	-1
505	2	0
506	2	-4
507	2	1
508	2	0
509	2	0
510	2	-3
511	2	3
512	2	1
513	2	-4
514	2	0
515	2	0
516	2	1
517	2	3
518	2	1
519	2	2
520	2	-3
521	2	-2
522	2	0
523	2	0
524	2	-2
525	2	1
526	2	3
527	2	-1
528	2	-4
529	2	1
530	2	1
531	2	2
532	2	2
533	2	0
534	2	2
535	2	2
536	2	-1
537	2	-1
538	2	2
539	2	0
540	2	0
541	2	-1
542	2	0
543	2	0
544	2	2
545	2	-1
546	2	-2
547	2	1
548	2	-2
549	2	-3
550	2	1
551	2	2
552	2	1
553	2	3
554	2	0
555	2	2
556	2	2
557	2	-1
558	2	-3
559	2	-1
560	2	-2
561	2	0
562	2	0
563	2	2
564	2	4
565	2	2
566	2	-1
567	2	-1
568	2	2
569	2	0
570	2	-3
571	2	-2
572	2	-3
573	2	-3
574	2	-3
575	2	0
576	2	0
577	2	1
578	2	-3
579	2	3
580	2	0
581	2	-2
582	2	-3
583	2	-2
584	2	-3
585	2	0
586	2	1
587	2	2
588	2	-4
589	2	0
590	2	3
591	2	1
592	2	-2
593	2	2
594	2	0
595	2	1
596	2	0
597	2	-4
598	2	0
599	2	1
600	2	-1
601	2	-4
602	2	-1
603	2	2
604	2	0
605	2	-4
606	2	-2
607	2	-1
608	2	2
609	2	-3
610	2	0
611	2	-3
612	2	1
613	2	1
614	2	1
615	2	-1
616	2	-1
617	2	3
618	2	1
619	2	1
620	2	0
621	2	0
622	2	0
623	2	-2
624	2	1
625	2	2
626	2	-1
627	2	-3
628	2	-2
629	2	-5
630	2	0
631	2	0
632	2	0
633	2	-1
634	2	1
635	2	0
636	2	2
637	2	1
638	2	-3
639	2	2
640	2	-1
641	2	0
642	2	-2
643	2	0
644	2	4
645	2	-2
646	2	1
647	2	2
648	2	0
649	2	1
650	2	-1
651	2	2
652	2	-3
653	2	0
654	2	4
655	2	-1
656	2	0
657	2	-2
658	2	1
659	2	0
660	2	-1
661	2	4
662	2	2
663	2	-1
664	2	3
665	2	0
666	2	3
667	2	-1
668	2	0
669	2	-5
670	2	1
671	2	-2
672	2	0
673	2	0
674	2	2
675	2	0
676	2	-2
677	2	3
678	2	1
679	2	2
680	2	-4
681	2	0
682	2	-4
683	2	-1
684	2	-2
685	2	-2
686	2	-2
687	2	-2
688	2	-5
689	2	0
690	2	-2
691	2	0
692	2	0
693	2	-4
694	2	3
695	2	1
696	2	0
697	2	3
698	2	0
699	2	2
700	2	-1
701	2	-2
702	2	-2
703	2	-3
704	2	-4
705	2	3
706	2	0
707	2	0
708	2	-3
709	2	-1
710	2	-1
711	2	-3
712	2	-1
713	2	-2
714	2	-3
715	2	-1
716	2	-2
717	2	-3
718	2	-2
719	2	-1
720	2	-4
721	2	0
722	2	-2
723	2	0
724	2	0
725	2	1
726	2	2
727	2	2
728	2	-1
729	2	-3
730	2	3
731	2	0
732	2	0
733	2	-3
734	2	-1
735	2	-2
736	2	3
737	2	3
738	2	1
739	2	0
740	2	-1
741	2	2
742	2	0
743	2	2
744	2	3
745	2	2
746	2	2
747	2	0
748	2	1
749	2	0
750	2	3
751	2	-1
752	2	0
753	2	-2
754	2	-1
755	2	-5
756	2	-1
757	2	-5
758	2	-2
759	2	0
760	2	-1
761	2	0
762	2	0
763	2	2
764	2	3
765	2	-2
766	2	0
767	2	-2
768	2	1
769	2	-3
770	2	0
771	2	0
772	2	0
773	2	2
774	2	-2
775	2	-1
776	2	-4
777	2	0
778	2	2
779	2	1
780	2	-3
781	2	3
782	2	-3
783	2	2
784	2	0
785	2	0
786	2	1
787	2	0
788	2	-2
789	2	4
790	2	-2
791	2	-1
792	2	-2
793	2	2
794	2	2
795	2	-2
796	2	0
797	2	-2
798	2	-1
799	2	-1
800	2	-2
801	2	-2
802	2	2
803	2	-3
804	2	-2
805	2	0
806	2	-2
807	2	0
808	2	1
809	2	0
810	2	-3
811	2	-2
812	2	2
813	2	-1
814	2	0
815	2	2
816	2	0
817	2	0
818	2	-2
819	2	1
820	2	-2
821	2	3
822	2	-1
823	2	-3
824	2	0
825	2	-4
826	2	3
827	2	-1
828	2	-2
829	2	2
830	2	1
831	2	0
832	2	2
833	2	3
834	2	-4
835	2	-2
836	2	0
837	2	-2
838	2	2
839	2	-1
840	2	3
841	2	2
842	2	2
843	2	2
844	2	-3
845	2	0
846	2	-3
847	2	-1
848	2	3
849	2	-2
850	2	1
851	2	1
852	2	2
853	2	0
854	2	2
855	2	2
856	2	0
857	2	1
858	2	-3
859	2	-1
860	2	1
861	2	-1
862	2	3
863	2	0
864	2	0
865	2	1
866	2	-2
867	2	0
868	2	2
869	2	-3
870	2	2
871	2	0
872	2	3
873	2	0
874	2	-3
875	2	3
876	2	0
877	2	-1
878	2	-4
879	2	-1
880	2	0
881	2	1
882	2	1
883	2	-1
884	2	-1
885	2	1
886	2	-1
887	2	2
888	2	2
889	2	2
890	2	1
891	2	-1
892	2	-3
893	2	3
894	2	2
895	2	-2
896	2	-3
897	2	-2
898	2	1
899	2	-2
900	2	2
901	2	3
902	2	-2
903	2	2
904	2	-1
905	2	3
906	2	-3
907	2	-4
908	2	0
909	2	-3
910	2	-4
911	2	1
912	2	-1
913	2	-2
914	2	0
915	2	1
916	2	-3
917	2	-3
918	2	2
919	2	3
920	2	0
921	2	-1
922	2	-2
923	2	1
924	2	2
925	2	-4
926	2	-1
927	2	-2
928	2	-1
929	2	-2
930	2	1
931	2	0
932	2	-1
933	2	0
934	2	-1
935	2	1
936	2	3
937	2	1
938	2	0
939	2	-3
940	2	0
941	2	-1
942	2	0
943	2	-1
944	2	1
945	2	-2
946	2	0
947	2	-1
948	2	-3
949	2	2
950	2	0
951	2	-2
952	2	-3
953	2	-3
954	2	0
955	2	-2
956	2	-4
957	2	3
958	2	-4
959	2	0
960	2	0
961	2	-1
962	2	2
963	2	1
964	2	-2
965	2	0
966	2	2
967	2	0
968	2	0
969	2	0
970	2	-2
971	2	0
972	2	1
973	2	1
974	2	0
975	2	0
976	2	0
977	2	1
978	2	-2
979	2	-2
980	2	-1
981	2	0
982	2	-2
983	2	2
984	2	1
985	2	1
986	2	1
987	2	-1
988	2	-2
989	2	0
990	2	-3
991	2	-1
992	2	2
993	2	-4
994	2	-2
995	2	-1
996	2	3
997	2	-4
998	2	-2
999	2	2
1000	2	1
1001	2	0
1002	2	3
1003	2	1
1004	2	-2
1005	2	-2
1006	2	3
1007	2	0
1008	2	-1
1009	2	-2
1010	2	0
1011	2	-1
1012	2	3
1013	2	2
1014	2	-3
1015	2	-2
1016	2	0
1017	2	-1
1018	2	-1
1019	2	0
1020	2	2
1021	2	-1
1022	2	-4
1023	2	0
1024	2	3
1	3	1
2	3	0
3	3	0
4	3	-1
5	3	2
6	3	-1
7	3	-1
8	3	0
9	3	2
10	3	0
11	3	1
12	3	3
13	3	0
14	3	0
15	3	4
16	3	2
17	3	1
18	3	2
19	3	4
20	3	1
21	3	4
22	3	2
23	3	2
24	3	0
25	3	1
26	3	1
27	3	0
28	3	-2
29	3	-1
30	3	0
31	3	2
32	3	-1
33	3	1
34	3	0
35	3	2
36	3	0
37	3	-3
38	3	-2
39	3	-2
40	3	-3
41	3	-2
42	3	0
43	3	1
44	3	1
45	3	2
46	3	0
47	3	4
48	3	3
49	3	-2
50	3	-2
51	3	1
52	3	0
53	3	2
54	3	-1
55	3	1
56	3	0
57	3	1
58	3	3
59	3	3
60	3	-2
61	3	0
62	3	6
63	3	1
64	3	-3
65	3	-2
66	3	0
67	3	-3
68	3	-3
69	3	0
70	3	-1
71	3	1
72	3	-3
73	3	-2
74	3	-2
75	3	0
76	3	0
77	3	2
78	3	0
79	3	0
80	3	-1
81	3	1
82	3	4
83	3	2
84	3	1
85	3	-1
86	3	-1
87	3	0
88	3	2
89	3	-2
90	3	-3
91	3	0
92	3	-2
93	3	1
94	3	-2
95	3	1
96	3	1
97	3	0
98	3	-1
99	3	0
100	3	0
101	3	3
102	3	-2
103	3	0
104	3	2
105	3	-2
106	3	1
107	3	4
108	3	0
109	3	0
110	3	2
111	3	1
112	3	3
113	3	-3
114	3	0
115	3	-2
116	3	4
117	3	1
118	3	0
119	3	2
120	3	-2
121	3	0
122	3	1
123	3	0
124	3	0
125	3	-2
126	3	0
127	3	0
128	3	-1
129	3	-1
130	3	1
131	3	-2
132	3	-6
133	3	1
134	3	-2
135	3	3
136	3	0
137	3	2
138	3	2
139	3	5
140	3	3
141	3	0
142	3	0
143	3	3
144	3	-1
145	3	1
146	3	-2
147	3	1
148	3	0
149	3	2
150	3	-1
151	3	-2
152	3	-2
153	3	2
154	3	0
155	3	-2
156	3	1
157	3	0
158	3	1
159	3	0
160	3	2
161	3	2
162	3	-4
163	3	-1
164	3	2
165	3	-3
166	3	0
167	3	2
168	3	2
169	3	-2
170	3	-1
171	3	0
172	3	-2
173	3	-2
174	3	0
175	3	4
176	3	-2
177	3	3
178	3	0
179	3	1
180	3	6
181	3	0
182	3	3
183	3	-2
184	3	0
185	3	2
186	3	-3
187	3	1
188	3	2
189	3	2
190	3	-1
191	3	0
192	3	3
193	3	-2
194	3	-2
195	3	1
196	3	2
197	3	2
198	3	-1
199	3	1
200	3	2
201	3	-2
202	3	0
203	3	2
204	3	-1
205	3	-1
206	3	-1
207	3	-1
208	3	2
209	3	1
210	3	2
211	3	-3
212	3	-2
213	3	0
214	3	3
215	3	2
216	3	2
217	3	-1
218	3	7
219	3	-2
220	3	-1
221	3	3
222	3	0
223	3	-1
224	3	0
225	3	2
226	3	2
227	3	2
228	3	-1
229	3	-2
230	3	1
231	3	0
232	3	2
233	3	-2
234	3	-1
235	3	-4
236	3	0
237	3	0
238	3	2
239	3	2
240	3	0
241	3	5
242	3	-1
243	3	1
244	3	3
245	3	1
246	3	0
247	3	1
248	3	2
249	3	-1
250	3	2
251	3	2
252	3	2
253	3	1
254	3	0
255	3	-1
256	3	1
257	3	2
258	3	-3
259	3	-1
260	3	-3
261	3	0
262	3	-1
263	3	-1
264	3	-2
265	3	0
266	3	-3
267	3	-2
268	3	0
269	3	1
270	3	2
271	3	1
272	3	2
273	3	1
274	3	-1
275	3	0
276	3	-2
277	3	-2
278	3	2
279	3	1
280	3	3
281	3	0
282	3	-2
283	3	3
284	3	2
285	3	1
286	3	1
287	3	1
288	3	-1
289	3	1
290	3	0
291	3	1
292	3	0
293	3	1
294	3	1
295	3	0
296	3	-3
297	3	0
298	3	0
299	3	1
300	3	0
301	3	0
302	3	0
303	3	3
304	3	2
305	3	3
306	3	3
307	3	-1
308	3	1
309	3	2
310	3	2
311	3	0
312	3	0
313	3	1
314	3	2
315	3	-2
316	3	0
317	3	0
318	3	7
319	3	1
320	3	-3
321	3	1
322	3	-4
323	3	0
324	3	1
325	3	2
326	3	-1
327	3	1
328	3	0
329	3	0
330	3	0
331	3	-1
332	3	1
333	3	0
334	3	0
335	3	-2
336	3	-2
337	3	0
338	3	0
339	3	-3
340	3	-1
341	3	3
342	3	2
343	3	-2
344	3	2
345	3	3
346	3	-1
347	3	2
348	3	0
349	3	3
350	3	0
351	3	-4
352	3	3
353	3	-1
354	3	2
355	3	-3
356	3	0
357	3	1
358	3	-1
359	3	-1
360	3	-1
361	3	-1
362	3	-2
363	3	-2
364	3	-2
365	3	0
366	3	-3
367	3	-1
368	3	0
369	3	1
370	3	2
371	3	-2
372	3	1
373	3	1
374	3	0
375	3	0
376	3	0
377	3	1
378	3	-1
379	3	-2
380	3	-1
381	3	-2
382	3	0
383	3	-1
384	3	0
385	3	2
386	3	-4
387	3	3
388	3	0
389	3	-2
390	3	0
391	3	2
392	3	-1
393	3	2
394	3	1
395	3	2
396	3	-3
397	3	0
398	3	2
399	3	5
400	3	-2
401	3	-3
402	3	2
403	3	-1
404	3	3
405	3	-1
406	3	-2
407	3	-1
408	3	1
409	3	0
410	3	-3
411	3	-1
412	3	-1
413	3	-2
414	3	1
415	3	4
416	3	1
417	3	2
418	3	2
419	3	0
420	3	1
421	3	2
422	3	-2
423	3	1
424	3	0
425	3	2
426	3	-3
427	3	-2
428	3	-3
429	3	-2
430	3	1
431	3	-2
432	3	-2
433	3	-2
434	3	0
435	3	3
436	3	2
437	3	3
438	3	1
439	3	0
440	3	0
441	3	1
442	3	-1
443	3	1
444	3	-2
445	3	0
446	3	-2
447	3	0
448	3	2
449	3	-1
450	3	0
451	3	3
452	3	-2
453	3	-2
454	3	-1
455	3	0
456	3	0
457	3	2
458	3	-4
459	3	4
460	3	2
461	3	-1
462	3	1
463	3	3
464	3	1
465	3	0
466	3	0
467	3	2
468	3	1
469	3	-1
470	3	5
471	3	-4
472	3	2
473	3	-3
474	3	-2
475	3	3
476	3	-3
477	3	1
478	3	-3
479	3	3
480	3	2
481	3	1
482	3	0
483	3	-1
484	3	4
485	3	1
486	3	-2
487	3	0
488	3	2
489	3	-2
490	3	-2
491	3	2
492	3	0
493	3	2
494	3	-3
495	3	3
496	3	-1
497	3	-1
498	3	2
499	3	-2
500	3	-1
501	3	-1
502	3	0
503	3	2
504	3	-2
505	3	2
506	3	4
507	3	-1
508	3	2
509	3	-3
510	3	1
511	3	1
512	3	0
513	3	3
514	3	0
515	3	0
516	3	-2
517	3	-2
518	3	-1
519	3	0
520	3	-1
521	3	2
522	3	0
523	3	0
524	3	2
525	3	-3
526	3	0
527	3	-3
528	3	0
529	3	1
530	3	1
531	3	3
532	3	1
533	3	0
534	3	3
535	3	0
536	3	-3
537	3	0
538	3	2
539	3	-3
540	3	-1
541	3	0
542	3	0
543	3	-5
544	3	3
545	3	1
546	3	2
547	3	1
548	3	-4
549	3	0
550	3	-2
551	3	-1
552	3	0
553	3	-1
554	3	3
555	3	-5
556	3	-2
557	3	2
558	3	2
559	3	-3
560	3	2
561	3	1
562	3	0
563	3	-3
564	3	-1
565	3	1
566	3	2
567	3	-2
568	3	-4
569	3	0
570	3	0
571	3	0
572	3	0
573	3	2
574	3	3
575	3	-3
576	3	-3
577	3	2
578	3	2
579	3	-2
580	3	-3
581	3	2
582	3	-2
583	3	1
584	3	2
585	3	0
586	3	1
587	3	-3
588	3	-1
589	3	0
590	3	-2
591	3	2
592	3	0
593	3	2
594	3	0
595	3	4
596	3	0
597	3	0
598	3	2
599	3	1
600	3	1
601	3	2
602	3	0
603	3	-1
604	3	1
605	3	0
606	3	4
607	3	1
608	3	3
609	3	-1
610	3	2
611	3	0
612	3	0
613	3	-2
614	3	0
615	3	1
616	3	2
617	3	0
618	3	-3
619	3	0
620	3	0
621	3	0
622	3	1
623	3	-3
624	3	1
625	3	-1
626	3	0
627	3	1
628	3	0
629	3	3
630	3	0
631	3	0
632	3	-2
633	3	2
634	3	0
635	3	0
636	3	1
637	3	-1
638	3	0
639	3	3
640	3	3
641	3	0
642	3	0
643	3	0
644	3	-2
645	3	0
646	3	-2
647	3	0
648	3	0
649	3	0
650	3	3
651	3	2
652	3	-3
653	3	0
654	3	2
655	3	2
656	3	0
657	3	-1
658	3	0
659	3	0
660	3	0
661	3	2
662	3	0
663	3	-1
664	3	-3
665	3	-1
666	3	2
667	3	-1
668	3	-2
669	3	2
670	3	-2
671	3	-1
672	3	-1
673	3	-3
674	3	1
675	3	-2
676	3	2
677	3	0
678	3	0
679	3	-4
680	3	2
681	3	-1
682	3	3
683	3	0
684	3	-3
685	3	-1
686	3	-1
687	3	-3
688	3	1
689	3	0
690	3	1
691	3	-2
692	3	-1
693	3	1
694	3	-3
695	3	2
696	3	0
697	3	1
698	3	-1
699	3	-4
700	3	-2
701	3	-2
702	3	2
703	3	1
704	3	2
705	3	-2
706	3	-1
707	3	0
708	3	0
709	3	1
710	3	0
711	3	2
712	3	-2
713	3	1
714	3	-1
715	3	0
716	3	-2
717	3	0
718	3	2
719	3	-2
720	3	4
721	3	0
722	3	-1
723	3	0
724	3	0
725	3	2
726	3	1
727	3	2
728	3	-3
729	3	0
730	3	-3
731	3	-2
732	3	-1
733	3	2
734	3	1
735	3	-2
736	3	-1
737	3	-3
738	3	3
739	3	-3
740	3	1
741	3	-2
742	3	0
743	3	0
744	3	4
745	3	1
746	3	1
747	3	0
748	3	0
749	3	0
750	3	-5
751	3	-1
752	3	0
753	3	0
754	3	2
755	3	4
756	3	-1
757	3	2
758	3	0
759	3	-1
760	3	2
761	3	0
762	3	-1
763	3	-2
764	3	2
765	3	-2
766	3	0
767	3	-1
768	3	5
769	3	1
770	3	0
771	3	-1
772	3	0
773	3	-4
774	3	2
775	3	2
776	3	2
777	3	0
778	3	-1
779	3	0
780	3	2
781	3	0
782	3	2
783	3	4
784	3	2
785	3	1
786	3	2
787	3	1
788	3	-2
789	3	3
790	3	2
791	3	0
792	3	0
793	3	1
794	3	2
795	3	0
796	3	0
797	3	2
798	3	4
799	3	1
800	3	2
801	3	1
802	3	-4
803	3	0
804	3	0
805	3	0
806	3	1
807	3	0
808	3	4
809	3	0
810	3	-1
811	3	-2
812	3	3
813	3	1
814	3	-1
815	3	4
816	3	-2
817	3	0
818	3	-1
819	3	1
820	3	0
821	3	1
822	3	0
823	3	3
824	3	0
825	3	1
826	3	1
827	3	0
828	3	-2
829	3	0
830	3	0
831	3	1
832	3	4
833	3	0
834	3	1
835	3	2
836	3	-2
837	3	0
838	3	0
839	3	-1
840	3	-4
841	3	1
842	3	-4
843	3	3
844	3	-3
845	3	-2
846	3	3
847	3	-1
848	3	3
849	3	-1
850	3	1
851	3	1
852	3	2
853	3	-1
854	3	-2
855	3	2
856	3	-2
857	3	-3
858	3	4
859	3	2
860	3	0
861	3	1
862	3	-3
863	3	1
864	3	1
865	3	1
866	3	-2
867	3	0
868	3	-3
869	3	-1
870	3	1
871	3	0
872	3	1
873	3	0
874	3	0
875	3	-2
876	3	0
877	3	0
878	3	2
879	3	-3
880	3	-1
881	3	-2
882	3	2
883	3	2
884	3	0
885	3	-1
886	3	0
887	3	1
888	3	1
889	3	1
890	3	0
891	3	1
892	3	-1
893	3	0
894	3	-3
895	3	2
896	3	0
897	3	1
898	3	0
899	3	0
900	3	0
901	3	1
902	3	0
903	3	2
904	3	0
905	3	-1
906	3	2
907	3	1
908	3	-1
909	3	0
910	3	3
911	3	0
912	3	0
913	3	1
914	3	2
915	3	0
916	3	1
917	3	4
918	3	-3
919	3	-3
920	3	-1
921	3	2
922	3	-3
923	3	-2
924	3	-2
925	3	-1
926	3	-1
927	3	1
928	3	1
929	3	0
930	3	0
931	3	2
932	3	-2
933	3	0
934	3	1
935	3	-1
936	3	-2
937	3	-1
938	3	0
939	3	0
940	3	-1
941	3	2
942	3	0
943	3	0
944	3	3
945	3	1
946	3	0
947	3	-2
948	3	-2
949	3	2
950	3	2
951	3	-3
952	3	0
953	3	-1
954	3	-2
955	3	1
956	3	-2
957	3	-1
958	3	2
959	3	0
960	3	0
961	3	4
962	3	-4
963	3	-2
964	3	-4
965	3	0
966	3	1
967	3	-1
968	3	0
969	3	0
970	3	2
971	3	0
972	3	1
973	3	-1
974	3	0
975	3	0
976	3	1
977	3	-1
978	3	1
979	3	1
980	3	-2
981	3	-1
982	3	5
983	3	1
984	3	0
985	3	0
986	3	-1
987	3	1
988	3	0
989	3	0
990	3	2
991	3	-2
992	3	2
993	3	2
994	3	-3
995	3	-3
996	3	-3
997	3	2
998	3	1
999	3	-1
1000	3	1
1001	3	1
1002	3	-1
1003	3	2
1004	3	-1
1005	3	1
1006	3	-3
1007	3	0
1008	3	1
1009	3	0
1010	3	2
1011	3	-2
1012	3	1
1013	3	0
1014	3	-2
1015	3	1
1016	3	2
1017	3	-1
1018	3	0
1019	3	0
1020	3	1
1021	3	0
1022	3	4
1023	3	1
1024	3	4
1	4	-1
2	4	0
3	4	0
4	4	1
5	4	0
6	4	-2
7	4	-1
8	4	3
9	4	-1
10	4	-1
11	4	-2
12	4	2
13	4	0
14	4	0
15	4	2
16	4	2
17	4	1
18	4	2
19	4	-1
20	4	0
21	4	-2
22	4	-2
23	4	-3
24	4	0
25	4	-2
26	4	0
27	4	0
28	4	-3
29	4	-3
30	4	0
31	4	-1
32	4	-4
33	4	-1
34	4	-1
35	4	-1
36	4	0
37	4	-2
38	4	1
39	4	-3
40	4	1
41	4	2
42	4	1
43	4	0
44	4	1
45	4	0
46	4	-1
47	4	0
48	4	1
49	4	0
50	4	0
51	4	0
52	4	0
53	4	0
54	4	2
55	4	2
56	4	2
57	4	0
58	4	1
59	4	-2
60	4	0
61	4	0
62	4	-2
63	4	-2
64	4	-3
65	4	-1
66	4	0
67	4	2
68	4	-1
69	4	0
70	4	-1
71	4	1
72	4	-3
73	4	-2
74	4	-2
75	4	-4
76	4	2
77	4	-1
78	4	0
79	4	0
80	4	2
81	4	-3
82	4	4
83	4	-2
84	4	-4
85	4	2
86	4	0
87	4	0
88	4	1
89	4	2
90	4	-1
91	4	2
92	4	-3
93	4	1
94	4	-2
95	4	2
96	4	-1
97	4	0
98	4	0
99	4	1
100	4	0
101	4	1
102	4	-2
103	4	0
104	4	-1
105	4	2
106	4	2
107	4	-5
108	4	0
109	4	0
110	4	-1
111	4	0
112	4	2
113	4	3
114	4	1
115	4	-2
116	4	-2
117	4	1
118	4	5
119	4	1
120	4	0
121	4	-1
122	4	-1
123	4	-1
124	4	0
125	4	2
126	4	1
127	4	0
128	4	-1
129	4	-1
130	4	2
131	4	1
132	4	-4
133	4	0
134	4	-2
135	4	2
136	4	0
137	4	-2
138	4	1
139	4	-5
140	4	-2
141	4	-1
142	4	4
143	4	2
144	4	0
145	4	1
146	4	1
147	4	-2
148	4	2
149	4	-3
150	4	-3
151	4	2
152	4	-2
153	4	0
154	4	0
155	4	0
156	4	3
157	4	0
158	4	2
159	4	2
160	4	2
161	4	-2
162	4	-3
163	4	0
164	4	1
165	4	-2
166	4	0
167	4	-1
168	4	2
169	4	3
170	4	1
171	4	0
172	4	0
173	4	-1
174	4	1
175	4	-1
176	4	-3
177	4	-2
178	4	3
179	4	0
180	4	-2
181	4	2
182	4	1
183	4	0
184	4	3
185	4	-2
186	4	-1
187	4	-1
188	4	2
189	4	1
190	4	0
191	4	0
192	4	1
193	4	0
194	4	-1
195	4	1
196	4	1
197	4	0
198	4	2
199	4	1
200	4	-3
201	4	-5
202	4	0
203	4	-4
204	4	1
205	4	-2
206	4	2
207	4	1
208	4	2
209	4	1
210	4	3
211	4	-2
212	4	2
213	4	0
214	4	1
215	4	3
216	4	-1
217	4	0
218	4	-1
219	4	1
220	4	-3
221	4	3
222	4	0
223	4	3
224	4	2
225	4	-1
226	4	3
227	4	-1
228	4	1
229	4	-1
230	4	-3
231	4	-1
232	4	0
233	4	-3
234	4	-2
235	4	4
236	4	0
237	4	0
238	4	-1
239	4	1
240	4	0
241	4	-1
242	4	-1
243	4	-1
244	4	-2
245	4	-1
246	4	0
247	4	-3
248	4	-1
249	4	2
250	4	0
251	4	1
252	4	-4
253	4	2
254	4	0
255	4	-1
256	4	-1
257	4	1
258	4	2
259	4	-1
260	4	-4
261	4	-1
262	4	0
263	4	-2
264	4	-2
265	4	0
266	4	1
267	4	1
268	4	0
269	4	2
270	4	-1
271	4	5
272	4	2
273	4	1
274	4	-3
275	4	-1
276	4	2
277	4	2
278	4	0
279	4	1
280	4	-3
281	4	0
282	4	0
283	4	4
284	4	2
285	4	2
286	4	-2
287	4	-3
288	4	-1
289	4	1
290	4	0
291	4	-1
292	4	2
293	4	0
294	4	1
295	4	0
296	4	-1
297	4	0
298	4	-1
299	4	-5
300	4	1
301	4	3
302	4	-1
303	4	-1
304	4	2
305	4	-1
306	4	5
307	4	-2
308	4	1
309	4	0
310	4	3
311	4	0
312	4	1
313	4	1
314	4	2
315	4	1
316	4	0
317	4	0
318	4	-1
319	4	0
320	4	-2
321	4	-1
322	4	1
323	4	3
324	4	0
325	4	0
326	4	-2
327	4	2
328	4	0
329	4	2
330	4	-1
331	4	0
332	4	-3
333	4	0
334	4	0
335	4	0
336	4	-2
337	4	0
338	4	-2
339	4	1
340	4	2
341	4	0
342	4	0
343	4	-2
344	4	0
345	4	1
346	4	1
347	4	0
348	4	-3
349	4	2
350	4	1
351	4	4
352	4	1
353	4	-1
354	4	2
355	4	0
356	4	0
357	4	-1
358	4	0
359	4	1
360	4	0
361	4	2
362	4	2
363	4	-2
364	4	-4
365	4	2
366	4	1
367	4	-1
368	4	0
369	4	1
370	4	2
371	4	0
372	4	1
373	4	0
374	4	0
375	4	3
376	4	1
377	4	0
378	4	-4
379	4	0
380	4	2
381	4	2
382	4	-2
383	4	1
384	4	0
385	4	-2
386	4	1
387	4	-2
388	4	1
389	4	-1
390	4	1
391	4	-1
392	4	0
393	4	0
394	4	1
395	4	-3
396	4	-1
397	4	-2
398	4	-2
399	4	1
400	4	2
401	4	-1
402	4	2
403	4	2
404	4	-2
405	4	0
406	4	-1
407	4	0
408	4	-3
409	4	0
410	4	-1
411	4	2
412	4	-2
413	4	0
414	4	0
415	4	-3
416	4	3
417	4	-1
418	4	2
419	4	3
420	4	2
421	4	0
422	4	-1
423	4	2
424	4	-3
425	4	-3
426	4	-1
427	4	2
428	4	-2
429	4	0
430	4	1
431	4	5
432	4	-1
433	4	0
434	4	0
435	4	2
436	4	-3
437	4	1
438	4	2
439	4	-4
440	4	3
441	4	2
442	4	1
443	4	-1
444	4	-3
445	4	1
446	4	2
447	4	-2
448	4	2
449	4	1
450	4	1
451	4	-2
452	4	-4
453	4	-2
454	4	-2
455	4	-2
456	4	0
457	4	0
458	4	-1
459	4	-5
460	4	2
461	4	3
462	4	-2
463	4	-2
464	4	0
465	4	-1
466	4	-1
467	4	2
468	4	2
469	4	0
470	4	3
471	4	4
472	4	2
473	4	3
474	4	1
475	4	-2
476	4	-1
477	4	2
478	4	0
479	4	-3
480	4	1
481	4	0
482	4	-2
483	4	3
484	4	0
485	4	1
486	4	0
487	4	0
488	4	0
489	4	2
490	4	1
491	4	-4
492	4	3
493	4	2
494	4	0
495	4	1
496	4	0
497	4	0
498	4	2
499	4	0
500	4	2
501	4	1
502	4	-4
503	4	1
504	4	0
505	4	-2
506	4	4
507	4	1
508	4	-1
509	4	-1
510	4	1
511	4	1
512	4	1
513	4	-1
514	4	0
515	4	0
516	4	1
517	4	-2
518	4	-2
519	4	0
520	4	1
521	4	0
522	4	-1
523	4	0
524	4	-2
525	4	0
526	4	3
527	4	-1
528	4	-3
529	4	-1
530	4	3
531	4	1
532	4	-3
533	4	0
534	4	1
535	4	3
536	4	2
537	4	0
538	4	3
539	4	2
540	4	0
541	4	1
542	4	0
543	4	6
544	4	1
545	4	1
546	4	-2
547	4	0
548	4	-4
549	4	0
550	4	-2
551	4	-1
552	4	-1
553	4	-2
554	4	1
555	4	0
556	4	1
557	4	0
558	4	-1
559	4	-1
560	4	0
561	4	-1
562	4	0
563	4	1
564	4	0
565	4	3
566	4	1
567	4	-3
568	4	3
569	4	0
570	4	-2
571	4	1
572	4	-3
573	4	0
574	4	1
575	4	3
576	4	-1
577	4	1
578	4	3
579	4	1
580	4	2
581	4	0
582	4	-2
583	4	1
584	4	2
585	4	0
586	4	0
587	4	-2
588	4	-2
589	4	0
590	4	0
591	4	1
592	4	0
593	4	0
594	4	0
595	4	2
596	4	0
597	4	0
598	4	-3
599	4	-2
600	4	-3
601	4	-2
602	4	0
603	4	-1
604	4	2
605	4	2
606	4	-1
607	4	-1
608	4	2
609	4	-2
610	4	-1
611	4	-2
612	4	0
613	4	1
614	4	1
615	4	0
616	4	1
617	4	-5
618	4	0
619	4	-1
620	4	0
621	4	0
622	4	2
623	4	0
624	4	-1
625	4	1
626	4	-1
627	4	-1
628	4	2
629	4	-4
630	4	0
631	4	1
632	4	3
633	4	2
634	4	-1
635	4	0
636	4	1
637	4	-2
638	4	0
639	4	-2
640	4	2
641	4	0
642	4	-1
643	4	0
644	4	-4
645	4	-1
646	4	-4
647	4	1
648	4	0
649	4	-3
650	4	1
651	4	-2
652	4	-2
653	4	0
654	4	5
655	4	0
656	4	0
657	4	1
658	4	1
659	4	-3
660	4	2
661	4	-3
662	4	-2
663	4	2
664	4	2
665	4	-1
666	4	1
667	4	1
668	4	3
669	4	2
670	4	0
671	4	3
672	4	-1
673	4	2
674	4	1
675	4	3
676	4	2
677	4	1
678	4	3
679	4	-6
680	4	1
681	4	0
682	4	1
683	4	-1
684	4	-3
685	4	-1
686	4	-1
687	4	0
688	4	-2
689	4	-2
690	4	-3
691	4	1
692	4	0
693	4	0
694	4	-6
695	4	2
696	4	0
697	4	1
698	4	0
699	4	1
700	4	1
701	4	0
702	4	1
703	4	-3
704	4	0
705	4	1
706	4	-1
707	4	-1
708	4	3
709	4	1
710	4	2
711	4	3
712	4	1
713	4	-3
714	4	1
715	4	0
716	4	-1
717	4	0
718	4	-1
719	4	-2
720	4	1
721	4	0
722	4	-3
723	4	-1
724	4	1
725	4	2
726	4	-3
727	4	2
728	4	2
729	4	0
730	4	-1
731	4	1
732	4	0
733	4	2
734	4	2
735	4	-1
736	4	-2
737	4	2
738	4	3
739	4	1
740	4	2
741	4	-2
742	4	2
743	4	0
744	4	3
745	4	-1
746	4	0
747	4	1
748	4	0
749	4	0
750	4	0
751	4	-2
752	4	0
753	4	1
754	4	1
755	4	4
756	4	2
757	4	3
758	4	-2
759	4	0
760	4	-3
761	4	0
762	4	2
763	4	0
764	4	1
765	4	1
766	4	0
767	4	2
768	4	-2
769	4	-1
770	4	0
771	4	0
772	4	-1
773	4	0
774	4	-1
775	4	2
776	4	-1
777	4	1
778	4	1
779	4	0
780	4	-4
781	4	-3
782	4	-2
783	4	0
784	4	2
785	4	1
786	4	0
787	4	-1
788	4	1
789	4	0
790	4	2
791	4	0
792	4	1
793	4	0
794	4	-2
795	4	2
796	4	0
797	4	0
798	4	-1
799	4	-4
800	4	-1
801	4	-1
802	4	-3
803	4	2
804	4	3
805	4	0
806	4	0
807	4	-1
808	4	4
809	4	0
810	4	1
811	4	2
812	4	0
813	4	-1
814	4	0
815	4	-1
816	4	2
817	4	0
818	4	-4
819	4	2
820	4	-1
821	4	3
822	4	-2
823	4	1
824	4	0
825	4	-2
826	4	1
827	4	1
828	4	0
829	4	0
830	4	2
831	4	-3
832	4	-3
833	4	2
834	4	-2
835	4	-1
836	4	-3
837	4	-1
838	4	3
839	4	-2
840	4	-3
841	4	2
842	4	3
843	4	0
844	4	-1
845	4	3
846	4	-2
847	4	-2
848	4	2
849	4	2
850	4	3
851	4	-3
852	4	-3
853	4	0
854	4	-4
855	4	1
856	4	2
857	4	-4
858	4	2
859	4	2
860	4	3
861	4	1
862	4	0
863	4	-4
864	4	1
865	4	2
866	4	-2
867	4	0
868	4	1
869	4	-1
870	4	3
871	4	0
872	4	1
873	4	0
874	4	2
875	4	-2
876	4	0
877	4	1
878	4	0
879	4	-3
880	4	-2
881	4	-1
882	4	3
883	4	2
884	4	0
885	4	0
886	4	0
887	4	4
888	4	1
889	4	-2
890	4	-1
891	4	0
892	4	-2
893	4	2
894	4	2
895	4	-3
896	4	-1
897	4	2
898	4	1
899	4	-3
900	4	2
901	4	-1
902	4	-4
903	4	1
904	4	-1
905	4	-4
906	4	1
907	4	1
908	4	-1
909	4	1
910	4	1
911	4	0
912	4	0
913	4	-1
914	4	3
915	4	-1
916	4	2
917	4	-2
918	4	-2
919	4	4
920	4	-1
921	4	-3
922	4	-4
923	4	0
924	4	-1
925	4	-3
926	4	1
927	4	0
928	4	0
929	4	-1
930	4	2
931	4	-4
932	4	-3
933	4	0
934	4	1
935	4	0
936	4	-3
937	4	3
938	4	0
939	4	-1
940	4	-4
941	4	1
942	4	0
943	4	-1
944	4	2
945	4	1
946	4	0
947	4	1
948	4	1
949	4	0
950	4	1
951	4	-3
952	4	-1
953	4	-1
954	4	1
955	4	1
956	4	-3
957	4	-1
958	4	1
959	4	0
960	4	1
961	4	2
962	4	1
963	4	-1
964	4	-3
965	4	0
966	4	0
967	4	1
968	4	0
969	4	3
970	4	-1
971	4	0
972	4	1
973	4	-2
974	4	0
975	4	2
976	4	0
977	4	-3
978	4	-3
979	4	-2
980	4	2
981	4	0
982	4	4
983	4	-2
984	4	-2
985	4	2
986	4	1
987	4	1
988	4	-2
989	4	0
990	4	1
991	4	1
992	4	2
993	4	-1
994	4	-2
995	4	2
996	4	3
997	4	-2
998	4	0
999	4	-1
1000	4	3
1001	4	0
1002	4	-3
1003	4	-2
1004	4	2
1005	4	0
1006	4	0
1007	4	0
1008	4	-1
1009	4	0
1010	4	0
1011	4	-3
1012	4	0
1013	4	-1
1014	4	-3
1015	4	0
1016	4	1
1017	4	-2
1018	4	2
1019	4	0
1020	4	2
1021	4	0
1022	4	1
1023	4	-2
1024	4	-1
1	5	-1
2	5	0
3	5	1
4	5	0
5	5	-1
6	5	0
7	5	3
8	5	1
9	5	2
10	5	0
11	5	-4
12	5	0
13	5	0
14	5	0
15	5	-6
16	5	0
17	5	-2
18	5	-3
19	5	-2
20	5	-4
21	5	1
22	5	1
23	5	-1
24	5	0
25	5	1
26	5	1
27	5	0
28	5	1
29	5	3
30	5	0
31	5	-1
32	5	3
33	5	-5
34	5	3
35	5	-2
36	5	0
37	5	-4
38	5	1
39	5	3
40	5	1
41	5	-4
42	5	0
43	5	2
44	5	-2
45	5	-1
46	5	0
47	5	-4
48	5	-3
49	5	1
50	5	1
51	5	-2
52	5	-2
53	5	-4
54	5	-2
55	5	-5
56	5	2
57	5	-2
58	5	-2
59	5	1
60	5	-3
61	5	0
62	5	-1
63	5	1
64	5	3
65	5	1
66	5	0
67	5	-3
68	5	1
69	5	0
70	5	1
71	5	-4
72	5	1
73	5	1
74	5	-2
75	5	-3
76	5	1
77	5	3
78	5	0
79	5	-2
80	5	1
81	5	-4
82	5	0
83	5	1
84	5	-1
85	5	-5
86	5	1
87	5	0
88	5	-3
89	5	-3
90	5	-3
91	5	0
92	5	-2
93	5	-5
94	5	2
95	5	-1
96	5	0
97	5	-1
98	5	0
99	5	2
100	5	0
101	5	-4
102	5	2
103	5	0
104	5	0
105	5	-4
106	5	0
107	5	-3
108	5	0
109	5	1
110	5	1
111	5	-1
112	5	-2
113	5	-3
114	5	-4
115	5	1
116	5	-2
117	5	-2
118	5	2
119	5	-4
120	5	1
121	5	2
122	5	1
123	5	0
124	5	-1
125	5	-3
126	5	0
127	5	0
128	5	3
129	5	1
130	5	1
131	5	0
132	5	-4
133	5	-3
134	5	1
135	5	-1
136	5	0
137	5	2
138	5	-2
139	5	-2
140	5	3
141	5	-2
142	5	-1
143	5	-4
144	5	0
145	5	0
146	5	-1
147	5	1
148	5	-4
149	5	3
150	5	3
151	5	0
152	5	2
153	5	-1
154	5	0
155	5	2
156	5	-4
157	5	1
158	5	-3
159	5	-1
160	5	0
161	5	-4
162	5	-1
163	5	3
164	5	-4
165	5	2
166	5	0
167	5	0
168	5	-1
169	5	-1
170	5	-3
171	5	-1
172	5	-1
173	5	1
174	5	0
175	5	-5
176	5	0
177	5	-6
178	5	1
179	5	-4
180	5	-1
181	5	-5
182	5	-2
183	5	2
184	5	-2
185	5	0
186	5	-1
187	5	3
188	5	-3
189	5	-3
190	5	3
191	5	-1
192	5	1
193	5	2
194	5	3
195	5	2
196	5	-5
197	5	0
198	5	-2
199	5	2
200	5	-1
201	5	2
202	5	0
203	5	-2
204	5	1
205	5	1
206	5	0
207	5	1
208	5	-1
209	5	0
210	5	0
211	5	-1
212	5	-1
213	5	3
214	5	-1
215	5	0
216	5	0
217	5	0
218	5	1
219	5	-2
220	5	-2
221	5	-3
222	5	0
223	5	0
224	5	2
225	5	-2
226	5	-4
227	5	2
228	5	3
229	5	0
230	5	-2
231	5	3
232	5	-1
233	5	2
234	5	-6
235	5	-4
236	5	0
237	5	0
238	5	1
239	5	-4
240	5	-3
241	5	-5
242	5	-1
243	5	1
244	5	1
245	5	3
246	5	0
247	5	1
248	5	-3
249	5	-4
250	5	1
251	5	-2
252	5	1
253	5	-3
254	5	0
255	5	1
256	5	1
257	5	-6
258	5	-4
259	5	1
260	5	-7
261	5	2
262	5	0
263	5	3
264	5	2
265	5	0
266	5	2
267	5	2
268	5	0
269	5	-7
270	5	2
271	5	-4
272	5	-3
273	5	-1
274	5	1
275	5	0
276	5	1
277	5	0
278	5	0
279	5	2
280	5	-2
281	5	0
282	5	2
283	5	-1
284	5	-3
285	5	-3
286	5	2
287	5	1
288	5	0
289	5	-3
290	5	0
291	5	2
292	5	-4
293	5	-3
294	5	-1
295	5	3
296	5	3
297	5	0
298	5	1
299	5	-4
300	5	-1
301	5	3
302	5	0
303	5	-4
304	5	-4
305	5	-4
306	5	-4
307	5	1
308	5	3
309	5	0
310	5	-2
311	5	0
312	5	0
313	5	1
314	5	1
315	5	1
316	5	0
317	5	0
318	5	0
319	5	-1
320	5	4
321	5	-2
322	5	-5
323	5	1
324	5	-3
325	5	-4
326	5	-1
327	5	-4
328	5	0
329	5	0
330	5	0
331	5	1
332	5	3
333	5	-1
334	5	2
335	5	1
336	5	1
337	5	0
338	5	0
339	5	-4
340	5	0
341	5	0
342	5	2
343	5	3
344	5	-1
345	5	-2
346	5	-2
347	5	0
348	5	2
349	5	-4
350	5	-2
351	5	1
352	5	-3
353	5	2
354	5	1
355	5	-1
356	5	0
357	5	0
358	5	0
359	5	-2
360	5	-1
361	5	0
362	5	1
363	5	-3
364	5	2
365	5	-4
366	5	-1
367	5	-3
368	5	-2
369	5	0
370	5	-3
371	5	2
372	5	0
373	5	-2
374	5	-1
375	5	-1
376	5	-3
377	5	2
378	5	2
379	5	-1
380	5	-1
381	5	-5
382	5	2
383	5	1
384	5	0
385	5	-5
386	5	-2
387	5	3
388	5	0
389	5	2
390	5	2
391	5	3
392	5	0
393	5	2
394	5	-1
395	5	-1
396	5	-3
397	5	2
398	5	1
399	5	-5
400	5	0
401	5	2
402	5	-2
403	5	1
404	5	-4
405	5	4
406	5	1
407	5	-1
408	5	-1
409	5	0
410	5	1
411	5	-2
412	5	2
413	5	1
414	5	-2
415	5	-1
416	5	-4
417	5	-1
418	5	-3
419	5	3
420	5	-4
421	5	0
422	5	3
423	5	-1
424	5	0
425	5	1
426	5	-2
427	5	-1
428	5	0
429	5	0
430	5	-3
431	5	3
432	5	1
433	5	2
434	5	0
435	5	-3
436	5	1
437	5	2
438	5	-3
439	5	0
440	5	-2
441	5	-3
442	5	-1
443	5	1
444	5	1
445	5	-3
446	5	2
447	5	0
448	5	-3
449	5	0
450	5	-3
451	5	3
452	5	3
453	5	1
454	5	0
455	5	3
456	5	0
457	5	0
458	5	-1
459	5	-1
460	5	2
461	5	-6
462	5	2
463	5	2
464	5	-3
465	5	-3
466	5	0
467	5	-2
468	5	-2
469	5	0
470	5	-3
471	5	-1
472	5	0
473	5	-4
474	5	-3
475	5	2
476	5	-5
477	5	-3
478	5	0
479	5	-3
480	5	-3
481	5	-5
482	5	2
483	5	1
484	5	-7
485	5	-3
486	5	2
487	5	0
488	5	-1
489	5	-3
490	5	0
491	5	0
492	5	-2
493	5	-4
494	5	2
495	5	-2
496	5	-3
497	5	0
498	5	-1
499	5	0
500	5	-2
501	5	-2
502	5	1
503	5	-4
504	5	0
505	5	0
506	5	-3
507	5	-2
508	5	0
509	5	0
510	5	2
511	5	-2
512	5	0
513	5	0
514	5	0
515	5	0
516	5	1
517	5	-2
518	5	2
519	5	2
520	5	0
521	5	-2
522	5	0
523	5	-1
524	5	2
525	5	3
526	5	0
527	5	1
528	5	2
529	5	-1
530	5	-3
531	5	-3
532	5	1
533	5	0
534	5	-2
535	5	-2
536	5	-2
537	5	0
538	5	-1
539	5	-4
540	5	0
541	5	-4
542	5	0
543	5	2
544	5	-3
545	5	-3
546	5	0
547	5	2
548	5	3
549	5	0
550	5	3
551	5	3
552	5	-2
553	5	1
554	5	-6
555	5	0
556	5	-1
557	5	1
558	5	-1
559	5	0
560	5	-1
561	5	2
562	5	0
563	5	-5
564	5	-6
565	5	-3
566	5	-3
567	5	1
568	5	-1
569	5	1
570	5	2
571	5	-2
572	5	1
573	5	1
574	5	-6
575	5	1
576	5	1
577	5	-4
578	5	0
579	5	2
580	5	1
581	5	0
582	5	2
583	5	-5
584	5	-1
585	5	0
586	5	-3
587	5	2
588	5	3
589	5	0
590	5	-1
591	5	0
592	5	0
593	5	-2
594	5	-1
595	5	-3
596	5	-1
597	5	3
598	5	2
599	5	2
600	5	1
601	5	-2
602	5	0
603	5	2
604	5	-4
605	5	2
606	5	-7
607	5	-1
608	5	-3
609	5	1
610	5	2
611	5	0
612	5	3
613	5	2
614	5	3
615	5	2
616	5	-3
617	5	2
618	5	-1
619	5	-4
620	5	0
621	5	0
622	5	-2
623	5	-1
624	5	-3
625	5	0
626	5	-1
627	5	3
628	5	-1
629	5	3
630	5	0
631	5	0
632	5	-2
633	5	-5
634	5	0
635	5	-1
636	5	1
637	5	3
638	5	-5
639	5	-2
640	5	-4
641	5	0
642	5	2
643	5	0
644	5	-5
645	5	1
646	5	1
647	5	-1
648	5	0
649	5	2
650	5	3
651	5	-4
652	5	2
653	5	0
654	5	-4
655	5	2
656	5	0
657	5	2
658	5	-4
659	5	3
660	5	-4
661	5	-2
662	5	0
663	5	-3
664	5	3
665	5	2
666	5	-2
667	5	-3
668	5	-1
669	5	2
670	5	1
671	5	-1
672	5	2
673	5	1
674	5	-2
675	5	-1
676	5	-3
677	5	-4
678	5	-1
679	5	1
680	5	-2
681	5	0
682	5	3
683	5	1
684	5	-6
685	5	0
686	5	2
687	5	-1
688	5	2
689	5	3
690	5	0
691	5	2
692	5	0
693	5	4
694	5	-1
695	5	-5
696	5	0
697	5	-3
698	5	0
699	5	0
700	5	-2
701	5	-2
702	5	-1
703	5	0
704	5	2
705	5	0
706	5	0
707	5	0
708	5	-3
709	5	-1
710	5	-2
711	5	-2
712	5	2
713	5	-1
714	5	-2
715	5	0
716	5	-4
717	5	-6
718	5	0
719	5	0
720	5	-6
721	5	0
722	5	0
723	5	1
724	5	0
725	5	0
726	5	0
727	5	-3
728	5	2
729	5	1
730	5	-2
731	5	-1
732	5	0
733	5	-1
734	5	-3
735	5	2
736	5	-1
737	5	1
738	5	-3
739	5	-2
740	5	-4
741	5	2
742	5	-2
743	5	2
744	5	1
745	5	3
746	5	-3
747	5	0
748	5	1
749	5	0
750	5	3
751	5	-3
752	5	0
753	5	-2
754	5	-1
755	5	0
756	5	-2
757	5	0
758	5	0
759	5	-1
760	5	0
761	5	0
762	5	1
763	5	2
764	5	-1
765	5	2
766	5	0
767	5	-1
768	5	-5
769	5	0
770	5	0
771	5	0
772	5	0
773	5	0
774	5	0
775	5	-2
776	5	0
777	5	0
778	5	-2
779	5	0
780	5	3
781	5	0
782	5	1
783	5	-5
784	5	-5
785	5	-4
786	5	1
787	5	-2
788	5	0
789	5	-4
790	5	-1
791	5	0
792	5	-2
793	5	-3
794	5	-4
795	5	-4
796	5	-1
797	5	-1
798	5	3
799	5	1
800	5	0
801	5	-1
802	5	1
803	5	-3
804	5	-4
805	5	0
806	5	-1
807	5	0
808	5	-4
809	5	0
810	5	3
811	5	2
812	5	1
813	5	-7
814	5	0
815	5	-4
816	5	-3
817	5	0
818	5	0
819	5	-6
820	5	-2
821	5	-5
822	5	2
823	5	-2
824	5	0
825	5	2
826	5	-2
827	5	-3
828	5	1
829	5	-5
830	5	-3
831	5	0
832	5	-2
833	5	-2
834	5	3
835	5	1
836	5	-6
837	5	2
838	5	2
839	5	2
840	5	0
841	5	-1
842	5	-1
843	5	-1
844	5	0
845	5	-3
846	5	2
847	5	2
848	5	-2
849	5	1
850	5	-2
851	5	2
852	5	1
853	5	0
854	5	3
855	5	-4
856	5	1
857	5	3
858	5	1
859	5	-3
860	5	-4
861	5	-5
862	5	-1
863	5	2
864	5	-2
865	5	-3
866	5	2
867	5	0
868	5	3
869	5	2
870	5	0
871	5	0
872	5	-1
873	5	0
874	5	0
875	5	-2
876	5	0
877	5	3
878	5	2
879	5	1
880	5	1
881	5	1
882	5	-3
883	5	-3
884	5	0
885	5	-2
886	5	0
887	5	-1
888	5	-3
889	5	1
890	5	0
891	5	1
892	5	1
893	5	-6
894	5	-2
895	5	1
896	5	2
897	5	-7
898	5	0
899	5	-2
900	5	3
901	5	-4
902	5	1
903	5	2
904	5	-2
905	5	1
906	5	-2
907	5	0
908	5	0
909	5	-2
910	5	-3
911	5	-1
912	5	0
913	5	1
914	5	-3
915	5	-1
916	5	-1
917	5	3
918	5	0
919	5	0
920	5	0
921	5	2
922	5	2
923	5	2
924	5	-1
925	5	2
926	5	-2
927	5	-2
928	5	1
929	5	1
930	5	-3
931	5	0
932	5	3
933	5	0
934	5	2
935	5	0
936	5	0
937	5	-4
938	5	0
939	5	1
940	5	2
941	5	-3
942	5	0
943	5	-1
944	5	-2
945	5	-2
946	5	0
947	5	-4
948	5	1
949	5	-4
950	5	-3
951	5	2
952	5	-1
953	5	1
954	5	-2
955	5	0
956	5	1
957	5	-1
958	5	3
959	5	0
960	5	-1
961	5	-6
962	5	-3
963	5	1
964	5	1
965	5	0
966	5	4
967	5	1
968	5	1
969	5	1
970	5	-1
971	5	0
972	5	-2
973	5	2
974	5	1
975	5	-2
976	5	1
977	5	1
978	5	-1
979	5	1
980	5	-4
981	5	0
982	5	-2
983	5	-2
984	5	1
985	5	-5
986	5	-1
987	5	-3
988	5	0
989	5	0
990	5	-3
991	5	-6
992	5	-2
993	5	0
994	5	1
995	5	1
996	5	-2
997	5	2
998	5	2
999	5	2
1000	5	-2
1001	5	0
1002	5	-1
1003	5	3
1004	5	-5
1005	5	-2
1006	5	0
1007	5	-1
1008	5	-2
1009	5	1
1010	5	0
1011	5	2
1012	5	-3
1013	5	-1
1014	5	2
1015	5	1
1016	5	-4
1017	5	3
1018	5	0
1019	5	0
1020	5	-3
1021	5	0
1022	5	-5
1023	5	0
1024	5	-5
1	6	-3
2	6	1
3	6	0
4	6	0
5	6	3
6	6	0
7	6	-4
8	6	-3
9	6	-3
10	6	0
11	6	1
12	6	-3
13	6	1
14	6	0
15	6	1
16	6	0
17	6	-1
18	6	-2
19	6	-2
20	6	2
21	6	1
22	6	1
23	6	1
24	6	0
25	6	1
26	6	-1
27	6	0
28	6	-1
29	6	-1
30	6	0
31	6	-2
32	6	0
33	6	0
34	6	-1
35	6	1
36	6	0
37	6	6
38	6	0
39	6	-2
40	6	0
41	6	2
42	6	0
43	6	2
44	6	-4
45	6	-1
46	6	0
47	6	2
48	6	1
49	6	-3
50	6	-2
51	6	0
52	6	1
53	6	0
54	6	1
55	6	-4
56	6	-1
57	6	3
58	6	1
59	6	1
60	6	7
61	6	0
62	6	3
63	6	-1
64	6	1
65	6	-1
66	6	0
67	6	2
68	6	2
69	6	0
70	6	2
71	6	2
72	6	1
73	6	-3
74	6	-1
75	6	1
76	6	-4
77	6	-1
78	6	0
79	6	0
80	6	0
81	6	2
82	6	-4
83	6	-1
84	6	1
85	6	0
86	6	1
87	6	0
88	6	1
89	6	2
90	6	1
91	6	-1
92	6	5
93	6	2
94	6	0
95	6	-1
96	6	-2
97	6	0
98	6	0
99	6	1
100	6	0
101	6	3
102	6	-1
103	6	0
104	6	-1
105	6	2
106	6	0
107	6	1
108	6	1
109	6	0
110	6	0
111	6	-1
112	6	0
113	6	5
114	6	0
115	6	1
116	6	2
117	6	0
118	6	-1
119	6	-2
120	6	1
121	6	1
122	6	-1
123	6	0
124	6	0
125	6	2
126	6	0
127	6	0
128	6	0
129	6	-2
130	6	-1
131	6	2
132	6	6
133	6	0
134	6	1
135	6	2
136	6	0
137	6	1
138	6	-2
139	6	-4
140	6	0
141	6	1
142	6	2
143	6	2
144	6	0
145	6	1
146	6	-5
147	6	-1
148	6	-1
149	6	2
150	6	-1
151	6	1
152	6	3
153	6	1
154	6	0
155	6	0
156	6	2
157	6	0
158	6	2
159	6	1
160	6	1
161	6	0
162	6	0
163	6	0
164	6	2
165	6	-1
166	6	0
167	6	2
168	6	-1
169	6	2
170	6	2
171	6	3
172	6	5
173	6	0
174	6	0
175	6	0
176	6	2
177	6	6
178	6	-5
179	6	1
180	6	-3
181	6	-1
182	6	2
183	6	1
184	6	0
185	6	-1
186	6	0
187	6	0
188	6	2
189	6	2
190	6	1
191	6	0
192	6	-2
193	6	0
194	6	0
195	6	0
196	6	3
197	6	0
198	6	2
199	6	-3
200	6	-1
201	6	2
202	6	0
203	6	2
204	6	1
205	6	1
206	6	3
207	6	0
208	6	-1
209	6	2
210	6	-4
211	6	2
212	6	2
213	6	0
214	6	-1
215	6	-4
216	6	-3
217	6	0
218	6	-2
219	6	0
220	6	1
221	6	0
222	6	0
223	6	0
224	6	1
225	6	-2
226	6	-1
227	6	-1
228	6	-2
229	6	-1
230	6	1
231	6	-2
232	6	-2
233	6	0
234	6	7
235	6	1
236	6	0
237	6	0
238	6	0
239	6	3
240	6	1
241	6	6
242	6	1
243	6	0
244	6	-3
245	6	3
246	6	0
247	6	0
248	6	1
249	6	1
250	6	0
251	6	2
252	6	0
253	6	1
254	6	0
255	6	1
256	6	0
257	6	1
258	6	-3
259	6	1
260	6	7
261	6	-2
262	6	1
263	6	-3
264	6	0
265	6	0
266	6	-2
267	6	-2
268	6	0
269	6	2
270	6	-2
271	6	1
272	6	2
273	6	1
274	6	1
275	6	-1
276	6	-2
277	6	2
278	6	1
279	6	-2
280	6	-2
281	6	0
282	6	2
283	6	3
284	6	3
285	6	1
286	6	1
287	6	-3
288	6	0
289	6	-1
290	6	0
291	6	1
292	6	1
293	6	3
294	6	-2
295	6	-4
296	6	2
297	6	0
298	6	-3
299	6	3
300	6	0
301	6	0
302	6	0
303	6	3
304	6	2
305	6	2
306	6	4
307	6	-2
308	6	1
309	6	1
310	6	2
311	6	0
312	6	-2
313	6	2
314	6	2
315	6	-1
316	6	1
317	6	0
318	6	-1
319	6	-1
320	6	1
321	6	0
322	6	0
323	6	1
324	6	2
325	6	4
326	6	-3
327	6	1
328	6	0
329	6	2
330	6	0
331	6	1
332	6	1
333	6	0
334	6	0
335	6	0
336	6	1
337	6	1
338	6	2
339	6	2
340	6	2
341	6	1
342	6	0
343	6	-1
344	6	1
345	6	1
346	6	2
347	6	1
348	6	-1
349	6	2
350	6	0
351	6	1
352	6	0
353	6	-1
354	6	-1
355	6	1
356	6	0
357	6	1
358	6	0
359	6	-1
360	6	0
361	6	2
362	6	4
363	6	2
364	6	4
365	6	1
366	6	2
367	6	1
368	6	1
369	6	0
370	6	0
371	6	1
372	6	0
373	6	2
374	6	0
375	6	-4
376	6	3
377	6	0
378	6	3
379	6	0
380	6	1
381	6	3
382	6	-1
383	6	0
384	6	0
385	6	0
386	6	-1
387	6	-1
388	6	0
389	6	-4
390	6	0
391	6	-4
392	6	0
393	6	0
394	6	-4
395	6	2
396	6	3
397	6	2
398	6	-3
399	6	1
400	6	0
401	6	1
402	6	-2
403	6	1
404	6	-2
405	6	1
406	6	-2
407	6	0
408	6	-1
409	6	0
410	6	2
411	6	1
412	6	-3
413	6	0
414	6	1
415	6	1
416	6	0
417	6	-3
418	6	0
419	6	-3
420	6	1
421	6	3
422	6	-1
423	6	-2
424	6	1
425	6	1
426	6	-1
427	6	2
428	6	2
429	6	-1
430	6	0
431	6	3
432	6	1
433	6	0
434	6	0
435	6	2
436	6	-2
437	6	-1
438	6	1
439	6	0
440	6	3
441	6	1
442	6	2
443	6	0
444	6	2
445	6	1
446	6	-1
447	6	1
448	6	-2
449	6	1
450	6	1
451	6	-2
452	6	1
453	6	-2
454	6	2
455	6	-5
456	6	0
457	6	-3
458	6	-2
459	6	-3
460	6	-4
461	6	-2
462	6	0
463	6	-2
464	6	2
465	6	-1
466	6	2
467	6	3
468	6	1
469	6	0
470	6	3
471	6	1
472	6	2
473	6	2
474	6	-4
475	6	1
476	6	6
477	6	3
478	6	1
479	6	1
480	6	0
481	6	-1
482	6	-2
483	6	1
484	6	7
485	6	4
486	6	5
487	6	0
488	6	-3
489	6	2
490	6	2
491	6	-4
492	6	-4
493	6	1
494	6	1
495	6	2
496	6	2
497	6	1
498	6	-1
499	6	1
500	6	1
501	6	1
502	6	-3
503	6	0
504	6	2
505	6	-1
506	6	-2
507	6	0
508	6	-3
509	6	-1
510	6	-2
511	6	0
512	6	2
513	6	-6
514	6	1
515	6	0
516	6	-3
517	6	3
518	6	-1
519	6	-5
520	6	0
521	6	1
522	6	0
523	6	0
524	6	1
525	6	1
526	6	2
527	6	0
528	6	-2
529	6	1
530	6	-3
531	6	-1
532	6	2
533	6	0
534	6	0
535	6	-2
536	6	3
537	6	0
538	6	1
539	6	3
540	6	0
541	6	1
542	6	0
543	6	1
544	6	0
545	6	-1
546	6	-1
547	6	0
548	6	1
549	6	-1
550	6	0
551	6	-4
552	6	2
553	6	0
554	6	6
555	6	3
556	6	0
557	6	-1
558	6	1
559	6	1
560	6	-1
561	6	-2
562	6	0
563	6	1
564	6	3
565	6	-4
566	6	3
567	6	2
568	6	4
569	6	0
570	6	0
571	6	1
572	6	-2
573	6	-3
574	6	2
575	6	3
576	6	1
577	6	0
578	6	0
579	6	0
580	6	-1
581	6	0
582	6	1
583	6	2
584	6	-1
585	6	0
586	6	2
587	6	-1
588	6	2
589	6	0
590	6	2
591	6	-1
592	6	1
593	6	1
594	6	1
595	6	-1
596	6	0
597	6	0
598	6	0
599	6	-3
600	6	-1
601	6	1
602	6	0
603	6	0
604	6	3
605	6	-3
606	6	5
607	6	-1
608	6	0
609	6	0
610	6	-2
611	6	1
612	6	-1
613	6	0
614	6	-2
615	6	-2
616	6	-2
617	6	-2
618	6	1
619	6	3
620	6	0
621	6	0
622	6	0
623	6	1
624	6	3
625	6	-1
626	6	0
627	6	-2
628	6	0
629	6	4
630	6	0
631	6	0
632	6	1
633	6	2
634	6	1
635	6	0
636	6	-1
637	6	-2
638	6	3
639	6	0
640	6	-1
641	6	0
642	6	-1
643	6	0
644	6	4
645	6	0
646	6	3
647	6	-2
648	6	-1
649	6	-1
650	6	3
651	6	3
652	6	3
653	6	0
654	6	-1
655	6	-1
656	6	0
657	6	1
658	6	-1
659	6	1
660	6	2
661	6	-1
662	6	-2
663	6	1
664	6	3
665	6	-1
666	6	-1
667	6	0
668	6	1
669	6	-3
670	6	1
671	6	2
672	6	-1
673	6	1
674	6	1
675	6	1
676	6	2
677	6	4
678	6	0
679	6	5
680	6	-2
681	6	0
682	6	-1
683	6	2
684	6	4
685	6	1
686	6	0
687	6	0
688	6	-2
689	6	3
690	6	3
691	6	1
692	6	0
693	6	0
694	6	-3
695	6	-1
696	6	0
697	6	0
698	6	0
699	6	1
700	6	1
701	6	2
702	6	-1
703	6	-2
704	6	0
705	6	2
706	6	0
707	6	0
708	6	1
709	6	1
710	6	0
711	6	0
712	6	-1
713	6	-5
714	6	2
715	6	0
716	6	2
717	6	2
718	6	1
719	6	-2
720	6	3
721	6	0
722	6	3
723	6	1
724	6	-1
725	6	-1
726	6	1
727	6	-3
728	6	2
729	6	2
730	6	0
731	6	0
732	6	0
733	6	1
734	6	2
735	6	-1
736	6	-3
737	6	2
738	6	0
739	6	2
740	6	1
741	6	1
742	6	0
743	6	-4
744	6	2
745	6	1
746	6	2
747	6	0
748	6	0
749	6	0
750	6	0
751	6	1
752	6	0
753	6	-1
754	6	1
755	6	5
756	6	-2
757	6	3
758	6	-1
759	6	0
760	6	0
761	6	0
762	6	1
763	6	-1
764	6	2
765	6	-1
766	6	0
767	6	1
768	6	-2
769	6	-2
770	6	0
771	6	1
772	6	-1
773	6	1
774	6	0
775	6	1
776	6	-3
777	6	0
778	6	-1
779	6	0
780	6	2
781	6	0
782	6	-2
783	6	0
784	6	2
785	6	1
786	6	1
787	6	0
788	6	3
789	6	-1
790	6	0
791	6	0
792	6	2
793	6	1
794	6	-4
795	6	1
796	6	1
797	6	6
798	6	1
799	6	0
800	6	-3
801	6	3
802	6	-1
803	6	-1
804	6	0
805	6	0
806	6	1
807	6	0
808	6	4
809	6	0
810	6	0
811	6	-2
812	6	-3
813	6	4
814	6	0
815	6	4
816	6	1
817	6	0
818	6	2
819	6	2
820	6	2
821	6	-2
822	6	-1
823	6	0
824	6	0
825	6	1
826	6	0
827	6	0
828	6	2
829	6	2
830	6	2
831	6	-2
832	6	-4
833	6	1
834	6	-1
835	6	0
836	6	5
837	6	-1
838	6	0
839	6	0
840	6	4
841	6	2
842	6	3
843	6	0
844	6	2
845	6	0
846	6	-2
847	6	-2
848	6	2
849	6	-2
850	6	-3
851	6	-3
852	6	-1
853	6	0
854	6	-1
855	6	-2
856	6	3
857	6	1
858	6	-2
859	6	0
860	6	1
861	6	3
862	6	2
863	6	0
864	6	-1
865	6	0
866	6	-1
867	6	0
868	6	-2
869	6	-2
870	6	0
871	6	0
872	6	0
873	6	0
874	6	-3
875	6	3
876	6	0
877	6	1
878	6	-1
879	6	-1
880	6	1
881	6	-2
882	6	-4
883	6	-2
884	6	0
885	6	2
886	6	0
887	6	-3
888	6	0
889	6	-1
890	6	0
891	6	1
892	6	-2
893	6	3
894	6	2
895	6	-2
896	6	0
897	6	3
898	6	0
899	6	1
900	6	-1
901	6	4
902	6	0
903	6	-3
904	6	-2
905	6	0
906	6	2
907	6	0
908	6	0
909	6	1
910	6	0
911	6	0
912	6	1
913	6	-1
914	6	-2
915	6	1
916	6	-1
917	6	0
918	6	-2
919	6	2
920	6	0
921	6	0
922	6	2
923	6	-1
924	6	1
925	6	-4
926	6	1
927	6	1
928	6	1
929	6	-2
930	6	0
931	6	1
932	6	0
933	6	0
934	6	-3
935	6	0
936	6	0
937	6	2
938	6	-1
939	6	-4
940	6	2
941	6	-1
942	6	0
943	6	-1
944	6	1
945	6	2
946	6	0
947	6	2
948	6	-1
949	6	0
950	6	-1
951	6	0
952	6	2
953	6	1
954	6	1
955	6	0
956	6	-1
957	6	3
958	6	-1
959	6	0
960	6	0
961	6	3
962	6	3
963	6	1
964	6	2
965	6	0
966	6	-1
967	6	0
968	6	0
969	6	2
970	6	3
971	6	0
972	6	-3
973	6	2
974	6	1
975	6	2
976	6	1
977	6	-1
978	6	3
979	6	-1
980	6	3
981	6	0
982	6	2
983	6	-1
984	6	-3
985	6	1
986	6	2
987	6	-1
988	6	2
989	6	0
990	6	1
991	6	5
992	6	0
993	6	-4
994	6	-1
995	6	2
996	6	-1
997	6	-1
998	6	0
999	6	-5
1000	6	-1
1001	6	0
1002	6	1
1003	6	-4
1004	6	2
1005	6	0
1006	6	2
1007	6	0
1008	6	1
1009	6	2
1010	6	1
1011	6	0
1012	6	-3
1013	6	1
1014	6	-1
1015	6	0
1016	6	2
1017	6	1
1018	6	0
1019	6	0
1020	6	-1
1021	6	0
1022	6	2
1023	6	-1
1024	6	4
1	7	0
2	7	0
3	7	1
4	7	0
5	7	2
6	7	1
7	7	-4
8	7	-4
9	7	1
10	7	0
11	7	-3
12	7	-3
13	7	-4
14	7	0
15	7	-1
16	7	2
17	7	-1
18	7	0
19	7	2
20	7	2
21	7	2
22	7	1
23	7	0
24	7	-1
25	7	1
26	7	-1
27	7	0
28	7	3
29	7	2
30	7	0
31	7	2
32	7	3
33	7	1
34	7	1
35	7	-1
36	7	0
37	7	1
38	7	-4
39	7	-3
40	7	-3
41	7	-2
42	7	0
43	7	3
44	7	-2
45	7	2
46	7	0
47	7	-4
48	7	-3
49	7	-2
50	7	-4
51	7	2
52	7	0
53	7	2
54	7	-1
55	7	-3
56	7	-4
57	7	2
58	7	-4
59	7	2
60	7	-2
61	7	0
62	7	-2
63	7	1
64	7	1
65	7	2
66	7	0
67	7	-2
68	7	2
69	7	0
70	7	-4
71	7	3
72	7	2
73	7	-3
74	7	3
75	7	3
76	7	-2
77	7	2
78	7	0
79	7	2
80	7	1
81	7	2
82	7	-6
83	7	-1
84	7	2
85	7	-2
86	7	1
87	7	0
88	7	1
89	7	-2
90	7	-1
91	7	-1
92	7	-3
93	7	-2
94	7	1
95	7	1
96	7	-1
97	7	0
98	7	0
99	7	-1
100	7	0
101	7	-3
102	7	-3
103	7	0
104	7	2
105	7	-3
106	7	-3
107	7	-1
108	7	0
109	7	0
110	7	0
111	7	1
112	7	-3
113	7	1
114	7	0
115	7	1
116	7	-1
117	7	0
118	7	-1
119	7	-1
120	7	-3
121	7	0
122	7	-1
123	7	0
124	7	0
125	7	-2
126	7	0
127	7	0
128	7	1
129	7	1
130	7	-4
131	7	-2
132	7	1
133	7	-2
134	7	1
135	7	-4
136	7	0
137	7	-2
138	7	-1
139	7	-2
140	7	1
141	7	1
142	7	-1
143	7	-1
144	7	0
145	7	1
146	7	-2
147	7	2
148	7	1
149	7	-4
150	7	3
151	7	0
152	7	-2
153	7	-2
154	7	0
155	7	-3
156	7	-2
157	7	0
158	7	-3
159	7	1
160	7	0
161	7	2
162	7	3
163	7	0
164	7	-3
165	7	1
166	7	0
167	7	2
168	7	2
169	7	-1
170	7	-2
171	7	-1
172	7	1
173	7	-3
174	7	0
175	7	-2
176	7	-2
177	7	-3
178	7	-3
179	7	-1
180	7	-1
181	7	2
182	7	-1
183	7	-1
184	7	-4
185	7	3
186	7	3
187	7	-3
188	7	-1
189	7	-1
190	7	-2
191	7	1
192	7	-3
193	7	1
194	7	3
195	7	-2
196	7	-5
197	7	1
198	7	-3
199	7	-2
200	7	2
201	7	-1
202	7	0
203	7	-3
204	7	-1
205	7	-2
206	7	-4
207	7	0
208	7	2
209	7	-2
210	7	-4
211	7	1
212	7	3
213	7	-3
214	7	1
215	7	1
216	7	1
217	7	0
218	7	-2
219	7	-1
220	7	0
221	7	-4
222	7	0
223	7	-3
224	7	-1
225	7	-1
226	7	-4
227	7	0
228	7	-1
229	7	1
230	7	3
231	7	0
232	7	1
233	7	-2
234	7	2
235	7	2
236	7	0
237	7	0
238	7	-5
239	7	-4
240	7	-2
241	7	-5
242	7	1
243	7	-2
244	7	-3
245	7	-4
246	7	0
247	7	2
248	7	2
249	7	-4
250	7	-3
251	7	2
252	7	-2
253	7	-2
254	7	0
255	7	-3
256	7	0
257	7	-2
258	7	2
259	7	0
260	7	-3
261	7	1
262	7	-2
263	7	-2
264	7	0
265	7	-1
266	7	-3
267	7	-3
268	7	0
269	7	-3
270	7	1
271	7	-1
272	7	-2
273	7	0
274	7	2
275	7	0
276	7	-3
277	7	-2
278	7	2
279	7	0
280	7	2
281	7	0
282	7	-3
283	7	-6
284	7	-3
285	7	-3
286	7	2
287	7	3
288	7	0
289	7	-1
290	7	0
291	7	1
292	7	1
293	7	-3
294	7	-2
295	7	-4
296	7	-3
297	7	0
298	7	2
299	7	3
300	7	-2
301	7	0
302	7	0
303	7	-4
304	7	0
305	7	2
306	7	-6
307	7	2
308	7	-1
309	7	0
310	7	-2
311	7	0
312	7	-4
313	7	-5
314	7	-1
315	7	-4
316	7	0
317	7	0
318	7	0
319	7	1
320	7	3
321	7	2
322	7	3
323	7	-1
324	7	-4
325	7	1
326	7	2
327	7	1
328	7	0
329	7	-2
330	7	0
331	7	3
332	7	-1
333	7	0
334	7	-2
335	7	0
336	7	-1
337	7	0
338	7	3
339	7	-1
340	7	1
341	7	-3
342	7	0
343	7	1
344	7	2
345	7	-4
346	7	1
347	7	3
348	7	-2
349	7	-2
350	7	-2
351	7	-4
352	7	-3
353	7	0
354	7	1
355	7	-2
356	7	0
357	7	0
358	7	-1
359	7	-2
360	7	1
361	7	0
362	7	-3
363	7	3
364	7	2
365	7	-3
366	7	-2
367	7	1
368	7	0
369	7	-1
370	7	0
371	7	2
372	7	1
373	7	-1
374	7	1
375	7	0
376	7	2
377	7	2
378	7	-3
379	7	-2
380	7	-1
381	7	2
382	7	-2
383	7	-2
384	7	0
385	7	0
386	7	3
387	7	1
388	7	2
389	7	1
390	7	-3
391	7	-1
392	7	0
393	7	1
394	7	-3
395	7	-3
396	7	-1
397	7	-2
398	7	1
399	7	-2
400	7	-2
401	7	0
402	7	1
403	7	-2
404	7	-3
405	7	-3
406	7	-2
407	7	0
408	7	3
409	7	0
410	7	2
411	7	0
412	7	1
413	7	3
414	7	-2
415	7	-2
416	7	-2
417	7	-1
418	7	1
419	7	0
420	7	-5
421	7	0
422	7	-3
423	7	-2
424	7	0
425	7	2
426	7	2
427	7	0
428	7	-1
429	7	-4
430	7	1
431	7	-5
432	7	-1
433	7	-3
434	7	0
435	7	-3
436	7	1
437	7	-2
438	7	-4
439	7	2
440	7	-5
441	7	3
442	7	-1
443	7	2
444	7	2
445	7	-1
446	7	1
447	7	-3
448	7	-3
449	7	-2
450	7	0
451	7	1
452	7	4
453	7	-2
454	7	1
455	7	-3
456	7	0
457	7	-3
458	7	1
459	7	-3
460	7	-3
461	7	-4
462	7	-2
463	7	1
464	7	-2
465	7	1
466	7	0
467	7	-4
468	7	1
469	7	0
470	7	-4
471	7	0
472	7	-4
473	7	-3
474	7	-3
475	7	2
476	7	-2
477	7	-1
478	7	1
479	7	0
480	7	-4
481	7	-2
482	7	3
483	7	1
484	7	-3
485	7	-2
486	7	-4
487	7	0
488	7	2
489	7	-3
490	7	-4
491	7	2
492	7	-3
493	7	-4
494	7	-3
495	7	-1
496	7	-1
497	7	-1
498	7	1
499	7	-1
500	7	1
501	7	0
502	7	3
503	7	0
504	7	-2
505	7	1
506	7	1
507	7	-2
508	7	1
509	7	-2
510	7	-2
511	7	2
512	7	0
513	7	2
514	7	0
515	7	0
516	7	1
517	7	2
518	7	-2
519	7	-3
520	7	1
521	7	-1
522	7	0
523	7	0
524	7	0
525	7	-3
526	7	-4
527	7	1
528	7	0
529	7	-1
530	7	-1
531	7	-1
532	7	3
533	7	0
534	7	0
535	7	-3
536	7	-2
537	7	0
538	7	2
539	7	0
540	7	0
541	7	-1
542	7	1
543	7	-5
544	7	-4
545	7	-2
546	7	-2
547	7	1
548	7	3
549	7	0
550	7	-3
551	7	-4
552	7	2
553	7	1
554	7	3
555	7	3
556	7	-3
557	7	1
558	7	1
559	7	-1
560	7	2
561	7	0
562	7	1
563	7	-1
564	7	0
565	7	-1
566	7	-4
567	7	-1
568	7	-5
569	7	0
570	7	-2
571	7	1
572	7	2
573	7	1
574	7	0
575	7	-6
576	7	1
577	7	0
578	7	-4
579	7	-1
580	7	-1
581	7	0
582	7	1
583	7	2
584	7	1
585	7	0
586	7	2
587	7	2
588	7	2
589	7	1
590	7	-4
591	7	2
592	7	2
593	7	2
594	7	0
595	7	-2
596	7	0
597	7	-3
598	7	1
599	7	2
600	7	2
601	7	-3
602	7	0
603	7	-5
604	7	-3
605	7	-2
606	7	-2
607	7	1
608	7	-5
609	7	1
610	7	0
611	7	-1
612	7	1
613	7	2
614	7	-4
615	7	0
616	7	2
617	7	2
618	7	1
619	7	-3
620	7	-1
621	7	0
622	7	0
623	7	-2
624	7	1
625	7	2
626	7	0
627	7	2
628	7	3
629	7	-5
630	7	0
631	7	0
632	7	-4
633	7	-5
634	7	0
635	7	0
636	7	0
637	7	3
638	7	2
639	7	2
640	7	-4
641	7	0
642	7	0
643	7	0
644	7	2
645	7	1
646	7	3
647	7	0
648	7	0
649	7	0
650	7	-4
651	7	-2
652	7	1
653	7	-1
654	7	-4
655	7	2
656	7	0
657	7	-2
658	7	-3
659	7	2
660	7	2
661	7	2
662	7	2
663	7	-1
664	7	-2
665	7	0
666	7	-1
667	7	-2
668	7	-3
669	7	-3
670	7	-3
671	7	-4
672	7	1
673	7	0
674	7	2
675	7	1
676	7	-3
677	7	-2
678	7	-3
679	7	3
680	7	-2
681	7	0
682	7	-2
683	7	3
684	7	2
685	7	2
686	7	-4
687	7	1
688	7	1
689	7	2
690	7	2
691	7	0
692	7	0
693	7	-2
694	7	4
695	7	-2
696	7	0
697	7	2
698	7	0
699	7	-2
700	7	0
701	7	-2
702	7	2
703	7	2
704	7	1
705	7	-1
706	7	0
707	7	0
708	7	-1
709	7	1
710	7	-2
711	7	1
712	7	-3
713	7	-2
714	7	-3
715	7	0
716	7	1
717	7	-1
718	7	-1
719	7	2
720	7	1
721	7	0
722	7	2
723	7	-1
724	7	-1
725	7	-1
726	7	2
727	7	-1
728	7	-3
729	7	-3
730	7	2
731	7	-3
732	7	0
733	7	-3
734	7	-3
735	7	1
736	7	-1
737	7	-1
738	7	-5
739	7	-2
740	7	-3
741	7	-3
742	7	-3
743	7	-3
744	7	-5
745	7	0
746	7	2
747	7	0
748	7	-1
749	7	0
750	7	-2
751	7	-3
752	7	0
753	7	0
754	7	2
755	7	-2
756	7	1
757	7	-4
758	7	-2
759	7	0
760	7	2
761	7	0
762	7	1
763	7	-3
764	7	-1
765	7	0
766	7	1
767	7	-4
768	7	-3
769	7	1
770	7	1
771	7	0
772	7	0
773	7	-3
774	7	1
775	7	-2
776	7	2
777	7	0
778	7	0
779	7	0
780	7	1
781	7	0
782	7	2
783	7	0
784	7	-3
785	7	-2
786	7	-1
787	7	-2
788	7	2
789	7	2
790	7	-4
791	7	0
792	7	-3
793	7	-1
794	7	2
795	7	1
796	7	0
797	7	-1
798	7	-2
799	7	-2
800	7	0
801	7	-3
802	7	3
803	7	1
804	7	-3
805	7	0
806	7	3
807	7	0
808	7	-5
809	7	0
810	7	-3
811	7	-1
812	7	2
813	7	-3
814	7	0
815	7	-3
816	7	-2
817	7	0
818	7	2
819	7	-3
820	7	3
821	7	2
822	7	2
823	7	-1
824	7	0
825	7	-2
826	7	1
827	7	3
828	7	-2
829	7	0
830	7	0
831	7	2
832	7	2
833	7	-3
834	7	-1
835	7	0
836	7	1
837	7	0
838	7	-4
839	7	-2
840	7	1
841	7	2
842	7	-4
843	7	1
844	7	2
845	7	-4
846	7	1
847	7	2
848	7	-4
849	7	-1
850	7	-4
851	7	2
852	7	0
853	7	0
854	7	3
855	7	-2
856	7	-3
857	7	-1
858	7	-2
859	7	-1
860	7	-1
861	7	-2
862	7	-2
863	7	-2
864	7	-3
865	7	-3
866	7	1
867	7	-1
868	7	3
869	7	2
870	7	-4
871	7	1
872	7	1
873	7	0
874	7	-2
875	7	3
876	7	0
877	7	1
878	7	1
879	7	1
880	7	2
881	7	0
882	7	-4
883	7	0
884	7	0
885	7	0
886	7	0
887	7	-3
888	7	2
889	7	3
890	7	-1
891	7	1
892	7	1
893	7	1
894	7	-2
895	7	0
896	7	2
897	7	-2
898	7	0
899	7	0
900	7	2
901	7	0
902	7	2
903	7	-3
904	7	0
905	7	2
906	7	-2
907	7	-2
908	7	0
909	7	2
910	7	1
911	7	1
912	7	0
913	7	0
914	7	-1
915	7	0
916	7	-3
917	7	1
918	7	-1
919	7	-3
920	7	0
921	7	2
922	7	-2
923	7	-4
924	7	-1
925	7	1
926	7	-1
927	7	-3
928	7	-5
929	7	-2
930	7	2
931	7	0
932	7	2
933	7	0
934	7	-1
935	7	0
936	7	-3
937	7	0
938	7	0
939	7	-3
940	7	1
941	7	1
942	7	0
943	7	1
944	7	0
945	7	-1
946	7	0
947	7	-1
948	7	1
949	7	-4
950	7	-2
951	7	2
952	7	-3
953	7	-1
954	7	-1
955	7	1
956	7	0
957	7	2
958	7	2
959	7	0
960	7	-1
961	7	-2
962	7	0
963	7	-1
964	7	3
965	7	0
966	7	-2
967	7	0
968	7	-1
969	7	-1
970	7	1
971	7	0
972	7	-4
973	7	-5
974	7	-1
975	7	-1
976	7	-2
977	7	3
978	7	2
979	7	2
980	7	-2
981	7	0
982	7	-5
983	7	1
984	7	2
985	7	-3
986	7	-1
987	7	-1
988	7	-1
989	7	0
990	7	-1
991	7	2
992	7	-4
993	7	1
994	7	3
995	7	0
996	7	-1
997	7	3
998	7	1
999	7	-4
1000	7	0
1001	7	0
1002	7	3
1003	7	2
1004	7	-3
1005	7	0
1006	7	-3
1007	7	0
1008	7	0
1009	7	-2
1010	7	2
1011	7	1
1012	7	-3
1013	7	-4
1014	7	1
1015	7	1
1016	7	1
1017	7	2
1018	7	1
1019	7	0
1020	7	-3
1021	7	0
1022	7	-2
1023	7	2
1024	7	0
1	8	2
2	8	0
3	8	-3
4	8	0
5	8	-1
6	8	0
7	8	2
8	8	1
9	8	-1
10	8	0
11	8	1
12	8	3
13	8	2
14	8	0
15	8	5
16	8	0
17	8	-1
18	8	-1
19	8	3
20	8	0
21	8	-1
22	8	-2
23	8	-4
24	8	0
25	8	-1
26	8	-1
27	8	0
28	8	-2
29	8	-1
30	8	0
31	8	0
32	8	1
33	8	3
34	8	2
35	8	1
36	8	0
37	8	2
38	8	2
39	8	2
40	8	1
41	8	4
42	8	0
43	8	-2
44	8	2
45	8	-2
46	8	-1
47	8	4
48	8	-2
49	8	1
50	8	2
51	8	-3
52	8	0
53	8	0
54	8	-4
55	8	5
56	8	1
57	8	-1
58	8	1
59	8	-2
60	8	0
61	8	0
62	8	-2
63	8	0
64	8	0
65	8	2
66	8	0
67	8	2
68	8	-4
69	8	-1
70	8	2
71	8	-4
72	8	0
73	8	2
74	8	1
75	8	1
76	8	2
77	8	-1
78	8	-1
79	8	0
80	8	1
81	8	3
82	8	3
83	8	2
84	8	-3
85	8	2
86	8	-3
87	8	0
88	8	-3
89	8	2
90	8	1
91	8	0
92	8	-3
93	8	-2
94	8	1
95	8	-3
96	8	2
97	8	0
98	8	0
99	8	-3
100	8	0
101	8	-3
102	8	2
103	8	0
104	8	-2
105	8	4
106	8	0
107	8	2
108	8	0
109	8	-2
110	8	0
111	8	0
112	8	-2
113	8	4
114	8	0
115	8	3
116	8	-1
117	8	-3
118	8	-4
119	8	2
120	8	2
121	8	1
122	8	0
123	8	0
124	8	0
125	8	3
126	8	0
127	8	0
128	8	-2
129	8	3
130	8	2
131	8	-3
132	8	-2
133	8	-3
134	8	1
135	8	-2
136	8	0
137	8	-4
138	8	1
139	8	3
140	8	-2
141	8	-1
142	8	-3
143	8	7
144	8	0
145	8	-3
146	8	2
147	8	-3
148	8	3
149	8	-1
150	8	-2
151	8	2
152	8	2
153	8	0
154	8	0
155	8	0
156	8	0
157	8	0
158	8	2
159	8	-2
160	8	-2
161	8	3
162	8	2
163	8	-3
164	8	1
165	8	0
166	8	1
167	8	-2
168	8	-3
169	8	0
170	8	2
171	8	0
172	8	0
173	8	2
174	8	1
175	8	4
176	8	1
177	8	4
178	8	2
179	8	-3
180	8	2
181	8	1
182	8	1
183	8	2
184	8	2
185	8	-1
186	8	-2
187	8	2
188	8	-1
189	8	-4
190	8	-2
191	8	-2
192	8	-1
193	8	3
194	8	3
195	8	-3
196	8	1
197	8	-2
198	8	0
199	8	0
200	8	1
201	8	-2
202	8	0
203	8	2
204	8	-2
205	8	1
206	8	2
207	8	0
208	8	-1
209	8	-1
210	8	3
211	8	0
212	8	-2
213	8	-2
214	8	-1
215	8	3
216	8	0
217	8	0
218	8	0
219	8	0
220	8	4
221	8	0
222	8	0
223	8	1
224	8	-2
225	8	1
226	8	3
227	8	-3
228	8	-1
229	8	1
230	8	-4
231	8	2
232	8	-1
233	8	-1
234	8	0
235	8	5
236	8	0
237	8	0
238	8	2
239	8	3
240	8	0
241	8	2
242	8	-1
243	8	-1
244	8	0
245	8	-3
246	8	0
247	8	-4
248	8	-2
249	8	2
250	8	2
251	8	-1
252	8	2
253	8	-3
254	8	-1
255	8	3
256	8	-2
257	8	1
258	8	1
259	8	-1
260	8	-2
261	8	-1
262	8	-2
263	8	2
264	8	2
265	8	-1
266	8	1
267	8	1
268	8	0
269	8	1
270	8	-4
271	8	3
272	8	-2
273	8	-3
274	8	1
275	8	0
276	8	2
277	8	1
278	8	1
279	8	6
280	8	-1
281	8	0
282	8	1
283	8	0
284	8	1
285	8	-1
286	8	1
287	8	-3
288	8	0
289	8	-1
290	8	0
291	8	-2
292	8	-1
293	8	-2
294	8	0
295	8	2
296	8	2
297	8	0
298	8	-1
299	8	1
300	8	2
301	8	5
302	8	0
303	8	3
304	8	-1
305	8	3
306	8	-2
307	8	1
308	8	-2
309	8	-4
310	8	0
311	8	0
312	8	2
313	8	1
314	8	-2
315	8	2
316	8	0
317	8	0
318	8	1
319	8	-3
320	8	-1
321	8	2
322	8	-1
323	8	-3
324	8	0
325	8	-1
326	8	2
327	8	-3
328	8	0
329	8	-2
330	8	0
331	8	0
332	8	1
333	8	-1
334	8	1
335	8	0
336	8	1
337	8	0
338	8	-3
339	8	-2
340	8	0
341	8	-3
342	8	2
343	8	-2
344	8	-3
345	8	1
346	8	-3
347	8	-3
348	8	3
349	8	-2
350	8	1
351	8	-3
352	8	-2
353	8	2
354	8	0
355	8	0
356	8	0
357	8	0
358	8	0
359	8	1
360	8	0
361	8	-3
362	8	1
363	8	1
364	8	-3
365	8	2
366	8	2
367	8	2
368	8	-2
369	8	-2
370	8	-1
371	8	3
372	8	-2
373	8	-3
374	8	0
375	8	3
376	8	-3
377	8	-3
378	8	0
379	8	2
380	8	0
381	8	-4
382	8	3
383	8	0
384	8	0
385	8	3
386	8	2
387	8	-3
388	8	-1
389	8	2
390	8	3
391	8	1
392	8	-1
393	8	-3
394	8	0
395	8	1
396	8	1
397	8	3
398	8	-3
399	8	4
400	8	1
401	8	1
402	8	-1
403	8	0
404	8	1
405	8	-2
406	8	3
407	8	-1
408	8	2
409	8	0
410	8	1
411	8	-2
412	8	0
413	8	-2
414	8	0
415	8	3
416	8	0
417	8	1
418	8	2
419	8	-3
420	8	-1
421	8	-3
422	8	3
423	8	2
424	8	2
425	8	-3
426	8	2
427	8	-1
428	8	1
429	8	2
430	8	-2
431	8	-4
432	8	1
433	8	2
434	8	0
435	8	2
436	8	-3
437	8	-2
438	8	-1
439	8	-5
440	8	-1
441	8	-3
442	8	-4
443	8	-2
444	8	2
445	8	-2
446	8	-2
447	8	4
448	8	0
449	8	-2
450	8	1
451	8	-3
452	8	-4
453	8	2
454	8	-3
455	8	3
456	8	0
457	8	1
458	8	2
459	8	3
460	8	3
461	8	2
462	8	2
463	8	3
464	8	0
465	8	2
466	8	-3
467	8	1
468	8	-1
469	8	0
470	8	0
471	8	4
472	8	4
473	8	1
474	8	4
475	8	-2
476	8	1
477	8	-4
478	8	2
479	8	7
480	8	-2
481	8	2
482	8	2
483	8	-3
484	8	3
485	8	-1
486	8	-1
487	8	0
488	8	-1
489	8	5
490	8	2
491	8	4
492	8	3
493	8	-1
494	8	2
495	8	4
496	8	-1
497	8	-1
498	8	-1
499	8	-3
500	8	3
501	8	0
502	8	-2
503	8	-1
504	8	0
505	8	0
506	8	1
507	8	2
508	8	-3
509	8	2
510	8	1
511	8	1
512	8	-3
513	8	3
514	8	0
515	8	1
516	8	0
517	8	-3
518	8	3
519	8	3
520	8	-1
521	8	-2
522	8	0
523	8	-1
524	8	0
525	8	-1
526	8	1
527	8	2
528	8	2
529	8	-3
530	8	0
531	8	-1
532	8	-3
533	8	0
534	8	0
535	8	3
536	8	0
537	8	0
538	8	-3
539	8	4
540	8	0
541	8	-2
542	8	0
543	8	2
544	8	-2
545	8	-3
546	8	-2
547	8	-3
548	8	-3
549	8	-1
550	8	3
551	8	2
552	8	-4
553	8	-1
554	8	1
555	8	1
556	8	2
557	8	1
558	8	-1
559	8	1
560	8	-2
561	8	1
562	8	0
563	8	2
564	8	3
565	8	2
566	8	-4
567	8	-1
568	8	1
569	8	0
570	8	2
571	8	-3
572	8	-3
573	8	2
574	8	-3
575	8	0
576	8	2
577	8	-2
578	8	-2
579	8	-3
580	8	1
581	8	-2
582	8	2
583	8	-4
584	8	-1
585	8	0
586	8	-2
587	8	-1
588	8	-2
589	8	0
590	8	2
591	8	-3
592	8	-2
593	8	-1
594	8	-1
595	8	3
596	8	0
597	8	1
598	8	-1
599	8	-4
600	8	-2
601	8	2
602	8	-1
603	8	2
604	8	3
605	8	3
606	8	3
607	8	-2
608	8	0
609	8	2
610	8	3
611	8	1
612	8	-3
613	8	1
614	8	3
615	8	0
616	8	-1
617	8	-2
618	8	1
619	8	2
620	8	0
621	8	0
622	8	-2
623	8	2
624	8	2
625	8	-2
626	8	0
627	8	1
628	8	-1
629	8	-1
630	8	0
631	8	1
632	8	1
633	8	1
634	8	0
635	8	0
636	8	0
637	8	1
638	8	2
639	8	1
640	8	1
641	8	-1
642	8	0
643	8	0
644	8	-1
645	8	-2
646	8	-3
647	8	1
648	8	0
649	8	0
650	8	1
651	8	1
652	8	-3
653	8	0
654	8	7
655	8	-2
656	8	0
657	8	-1
658	8	0
659	8	0
660	8	1
661	8	1
662	8	-2
663	8	2
664	8	-2
665	8	1
666	8	-1
667	8	1
668	8	0
669	8	3
670	8	1
671	8	1
672	8	0
673	8	1
674	8	0
675	8	-3
676	8	-1
677	8	1
678	8	2
679	8	0
680	8	-2
681	8	0
682	8	-2
683	8	-2
684	8	-3
685	8	1
686	8	2
687	8	1
688	8	2
689	8	-3
690	8	-3
691	8	-2
692	8	0
693	8	-2
694	8	0
695	8	2
696	8	0
697	8	-3
698	8	0
699	8	-1
700	8	-1
701	8	-3
702	8	-2
703	8	1
704	8	0
705	8	-4
706	8	0
707	8	0
708	8	-2
709	8	-3
710	8	3
711	8	-3
712	8	-1
713	8	1
714	8	1
715	8	0
716	8	-3
717	8	3
718	8	1
719	8	-2
720	8	0
721	8	0
722	8	-2
723	8	-2
724	8	0
725	8	0
726	8	-3
727	8	0
728	8	0
729	8	1
730	8	-3
731	8	2
732	8	0
733	8	-1
734	8	-2
735	8	1
736	8	3
737	8	-3
738	8	-2
739	8	-2
740	8	2
741	8	3
742	8	2
743	8	3
744	8	-3
745	8	-4
746	8	-1
747	8	-1
748	8	1
749	8	0
750	8	0
751	8	3
752	8	0
753	8	0
754	8	-3
755	8	2
756	8	2
757	8	-2
758	8	3
759	8	0
760	8	-3
761	8	0
762	8	-2
763	8	2
764	8	1
765	8	0
766	8	0
767	8	2
768	8	3
769	8	3
770	8	0
771	8	0
772	8	0
773	8	2
774	8	-3
775	8	-4
776	8	-2
777	8	0
778	8	-1
779	8	0
780	8	-1
781	8	-1
782	8	-3
783	8	3
784	8	-3
785	8	-1
786	8	0
787	8	-2
788	8	-2
789	8	-1
790	8	2
791	8	0
792	8	-1
793	8	2
794	8	1
795	8	0
796	8	0
797	8	-1
798	8	2
799	8	4
800	8	1
801	8	3
802	8	0
803	8	2
804	8	1
805	8	0
806	8	-3
807	8	0
808	8	-2
809	8	-1
810	8	0
811	8	-1
812	8	0
813	8	2
814	8	0
815	8	3
816	8	0
817	8	0
818	8	-3
819	8	-3
820	8	0
821	8	-1
822	8	1
823	8	-2
824	8	0
825	8	1
826	8	-2
827	8	-2
828	8	2
829	8	-2
830	8	-4
831	8	-2
832	8	3
833	8	-4
834	8	2
835	8	2
836	8	-2
837	8	-1
838	8	3
839	8	3
840	8	-1
841	8	-2
842	8	0
843	8	-2
844	8	-1
845	8	2
846	8	-1
847	8	-2
848	8	-2
849	8	0
850	8	0
851	8	-1
852	8	-2
853	8	0
854	8	-1
855	8	2
856	8	1
857	8	0
858	8	-1
859	8	1
860	8	-1
861	8	-5
862	8	1
863	8	3
864	8	-1
865	8	-3
866	8	2
867	8	-1
868	8	-1
869	8	1
870	8	3
871	8	-1
872	8	-3
873	8	0
874	8	-1
875	8	1
876	8	0
877	8	0
878	8	-3
879	8	-3
880	8	3
881	8	2
882	8	2
883	8	3
884	8	0
885	8	-1
886	8	0
887	8	4
888	8	-1
889	8	-4
890	8	1
891	8	-1
892	8	-1
893	8	-2
894	8	1
895	8	1
896	8	-2
897	8	-1
898	8	0
899	8	2
900	8	-2
901	8	0
902	8	-4
903	8	2
904	8	1
905	8	-2
906	8	0
907	8	-1
908	8	0
909	8	0
910	8	-1
911	8	-1
912	8	-1
913	8	0
914	8	2
915	8	-3
916	8	1
917	8	-3
918	8	1
919	8	1
920	8	0
921	8	-3
922	8	1
923	8	2
924	8	4
925	8	2
926	8	-4
927	8	2
928	8	3
929	8	2
930	8	2
931	8	2
932	8	-3
933	8	0
934	8	2
935	8	0
936	8	1
937	8	3
938	8	0
939	8	1
940	8	1
941	8	-2
942	8	-1
943	8	-1
944	8	-1
945	8	-4
946	8	-1
947	8	-3
948	8	0
949	8	2
950	8	-3
951	8	-4
952	8	2
953	8	1
954	8	-1
955	8	-1
956	8	1
957	8	-2
958	8	-3
959	8	0
960	8	-3
961	8	0
962	8	0
963	8	0
964	8	-1
965	8	0
966	8	3
967	8	0
968	8	0
969	8	-3
970	8	-1
971	8	0
972	8	0
973	8	1
974	8	0
975	8	3
976	8	3
977	8	1
978	8	-3
979	8	-3
980	8	3
981	8	0
982	8	-1
983	8	-4
984	8	0
985	8	2
986	8	-2
987	8	1
988	8	0
989	8	0
990	8	-2
991	8	5
992	8	-2
993	8	2
994	8	1
995	8	-3
996	8	2
997	8	-1
998	8	-2
999	8	2
1000	8	0
1001	8	0
1002	8	0
1003	8	-1
1004	8	3
1005	8	-1
1006	8	2
1007	8	0
1008	8	0
1009	8	-2
1010	8	-3
1011	8	0
1012	8	2
1013	8	2
1014	8	3
1015	8	-2
1016	8	-3
1017	8	-3
1018	8	-2
1019	8	0
1020	8	2
1021	8	0
1022	8	3
1023	8	-3
1024	8	-3
1	9	1
2	9	-1
3	9	2
4	9	1
5	9	-3
6	9	0
7	9	-2
8	9	2
9	9	1
10	9	0
11	9	3
12	9	0
13	9	-1
14	9	0
15	9	-6
16	9	-1
17	9	2
18	9	-1
19	9	0
20	9	-2
21	9	-7
22	9	1
23	9	3
24	9	1
25	9	1
26	9	1
27	9	0
28	9	3
29	9	-1
30	9	0
31	9	2
32	9	-5
33	9	-5
34	9	0
35	9	1
36	9	1
37	9	-1
38	9	-2
39	9	-5
40	9	2
41	9	-4
42	9	0
43	9	-3
44	9	-2
45	9	-1
46	9	0
47	9	-7
48	9	2
49	9	0
50	9	0
51	9	1
52	9	-2
53	9	-2
54	9	1
55	9	2
56	9	1
57	9	-2
58	9	-3
59	9	-3
60	9	-3
61	9	1
62	9	-7
63	9	2
64	9	0
65	9	-4
66	9	0
67	9	1
68	9	3
69	9	0
70	9	0
71	9	-4
72	9	1
73	9	2
74	9	-3
75	9	1
76	9	0
77	9	-4
78	9	1
79	9	2
80	9	0
81	9	-2
82	9	-3
83	9	1
84	9	0
85	9	-1
86	9	2
87	9	0
88	9	-2
89	9	0
90	9	2
91	9	1
92	9	-4
93	9	0
94	9	-1
95	9	2
96	9	-5
97	9	0
98	9	-1
99	9	2
100	9	1
101	9	1
102	9	-2
103	9	0
104	9	-2
105	9	-3
106	9	0
107	9	3
108	9	-1
109	9	0
110	9	-1
111	9	0
112	9	1
113	9	-5
114	9	2
115	9	2
116	9	0
117	9	2
118	9	0
119	9	-1
120	9	-1
121	9	1
122	9	1
123	9	0
124	9	0
125	9	-2
126	9	0
127	9	1
128	9	1
129	9	-2
130	9	1
131	9	0
132	9	-1
133	9	0
134	9	1
135	9	-5
136	9	-1
137	9	2
138	9	1
139	9	3
140	9	0
141	9	1
142	9	-2
143	9	-5
144	9	0
145	9	1
146	9	0
147	9	0
148	9	-3
149	9	-5
150	9	-1
151	9	-4
152	9	-4
153	9	0
154	9	-1
155	9	-3
156	9	-3
157	9	0
158	9	0
159	9	1
160	9	1
161	9	-5
162	9	-2
163	9	2
164	9	1
165	9	-1
166	9	0
167	9	0
168	9	0
169	9	-2
170	9	-1
171	9	1
172	9	0
173	9	1
174	9	0
175	9	-6
176	9	0
177	9	-4
178	9	-1
179	9	0
180	9	-1
181	9	0
182	9	0
183	9	-1
184	9	-4
185	9	-1
186	9	1
187	9	-4
188	9	-2
189	9	0
190	9	-2
191	9	2
192	9	-2
193	9	-4
194	9	1
195	9	2
196	9	1
197	9	0
198	9	1
199	9	2
200	9	-2
201	9	1
202	9	0
203	9	2
204	9	0
205	9	-1
206	9	-1
207	9	0
208	9	-2
209	9	1
210	9	-2
211	9	-1
212	9	0
213	9	2
214	9	0
215	9	-4
216	9	1
217	9	0
218	9	0
219	9	1
220	9	2
221	9	0
222	9	0
223	9	-3
224	9	1
225	9	1
226	9	1
227	9	2
228	9	-1
229	9	1
230	9	2
231	9	-2
232	9	-1
233	9	2
234	9	-3
235	9	-6
236	9	0
237	9	1
238	9	-3
239	9	0
240	9	2
241	9	-4
242	9	2
243	9	1
244	9	1
245	9	1
246	9	0
247	9	3
248	9	1
249	9	1
250	9	1
251	9	-1
252	9	2
253	9	2
254	9	0
255	9	-4
256	9	1
257	9	0
258	9	-2
259	9	1
260	9	-3
261	9	0
262	9	2
263	9	-2
264	9	-1
265	9	0
266	9	2
267	9	1
268	9	0
269	9	0
270	9	-2
271	9	-2
272	9	2
273	9	2
274	9	-1
275	9	0
276	9	1
277	9	1
278	9	-2
279	9	-1
280	9	2
281	9	0
282	9	-1
283	9	-3
284	9	-1
285	9	1
286	9	-1
287	9	2
288	9	0
289	9	2
290	9	-1
291	9	0
292	9	-2
293	9	-3
294	9	1
295	9	1
296	9	-4
297	9	0
298	9	1
299	9	1
300	9	-1
301	9	-3
302	9	0
303	9	-4
304	9	-2
305	9	-1
306	9	1
307	9	1
308	9	2
309	9	2
310	9	-2
311	9	0
312	9	-1
313	9	0
314	9	-1
315	9	0
316	9	0
317	9	0
318	9	1
319	9	1
320	9	-2
321	9	-3
322	9	-1
323	9	0
324	9	2
325	9	-4
326	9	1
327	9	2
328	9	0
329	9	0
330	9	0
331	9	-2
332	9	1
333	9	0
334	9	-2
335	9	-2
336	9	0
337	9	0
338	9	1
339	9	0
340	9	-1
341	9	2
342	9	-5
343	9	-5
344	9	-2
345	9	1
346	9	-1
347	9	-2
348	9	1
349	9	0
350	9	-1
351	9	0
352	9	2
353	9	0
354	9	1
355	9	2
356	9	1
357	9	0
358	9	0
359	9	-1
360	9	0
361	9	1
362	9	-2
363	9	1
364	9	0
365	9	1
366	9	-2
367	9	0
368	9	0
369	9	2
370	9	0
371	9	1
372	9	1
373	9	-2
374	9	0
375	9	-4
376	9	0
377	9	-1
378	9	-1
379	9	0
380	9	1
381	9	-3
382	9	-2
383	9	2
384	9	0
385	9	-5
386	9	0
387	9	0
388	9	0
389	9	1
390	9	-2
391	9	-1
392	9	1
393	9	2
394	9	3
395	9	2
396	9	1
397	9	-2
398	9	-1
399	9	-6
400	9	1
401	9	0
402	9	1
403	9	1
404	9	0
405	9	2
406	9	1
407	9	0
408	9	0
409	9	0
410	9	-2
411	9	2
412	9	3
413	9	2
414	9	3
415	9	-2
416	9	-1
417	9	1
418	9	0
419	9	-1
420	9	0
421	9	-1
422	9	-4
423	9	-1
424	9	-2
425	9	1
426	9	0
427	9	-1
428	9	0
429	9	0
430	9	1
431	9	-4
432	9	0
433	9	1
434	9	0
435	9	1
436	9	-1
437	9	2
438	9	2
439	9	3
440	9	-1
441	9	-1
442	9	-2
443	9	-3
444	9	1
445	9	1
446	9	0
447	9	-6
448	9	-1
449	9	1
450	9	0
451	9	-3
452	9	-1
453	9	0
454	9	1
455	9	0
456	9	0
457	9	1
458	9	1
459	9	3
460	9	0
461	9	0
462	9	-2
463	9	2
464	9	2
465	9	-1
466	9	2
467	9	2
468	9	-2
469	9	0
470	9	-4
471	9	-4
472	9	-2
473	9	0
474	9	0
475	9	-3
476	9	-3
477	9	0
478	9	-1
479	9	-5
480	9	1
481	9	1
482	9	1
483	9	1
484	9	-2
485	9	-6
486	9	-6
487	9	0
488	9	1
489	9	-4
490	9	0
491	9	2
492	9	-2
493	9	1
494	9	2
495	9	-4
496	9	1
497	9	-1
498	9	0
499	9	2
500	9	-3
501	9	1
502	9	2
503	9	3
504	9	0
505	9	1
506	9	-4
507	9	2
508	9	3
509	9	1
510	9	0
511	9	1
512	9	2
513	9	-1
514	9	0
515	9	0
516	9	-1
517	9	-3
518	9	-2
519	9	-2
520	9	1
521	9	-1
522	9	0
523	9	1
524	9	3
525	9	2
526	9	-1
527	9	1
528	9	-3
529	9	2
530	9	-1
531	9	1
532	9	-2
533	9	0
534	9	0
535	9	0
536	9	0
537	9	-1
538	9	-2
539	9	-1
540	9	1
541	9	1
542	9	0
543	9	-7
544	9	2
545	9	2
546	9	0
547	9	2
548	9	2
549	9	1
550	9	-1
551	9	0
552	9	0
553	9	2
554	9	-6
555	9	-3
556	9	0
557	9	-3
558	9	0
559	9	1
560	9	-1
561	9	2
562	9	0
563	9	1
564	9	-3
565	9	-1
566	9	2
567	9	-1
568	9	-5
569	9	0
570	9	0
571	9	0
572	9	3
573	9	-1
574	9	2
575	9	-7
576	9	-1
577	9	2
578	9	0
579	9	2
580	9	-1
581	9	1
582	9	-1
583	9	-1
584	9	0
585	9	0
586	9	-4
587	9	0
588	9	1
589	9	0
590	9	2
591	9	-1
592	9	-1
593	9	-4
594	9	0
595	9	1
596	9	0
597	9	0
598	9	-1
599	9	1
600	9	2
601	9	2
602	9	0
603	9	0
604	9	-3
605	9	2
606	9	-3
607	9	3
608	9	1
609	9	-2
610	9	0
611	9	2
612	9	1
613	9	-5
614	9	-3
615	9	-1
616	9	-2
617	9	-1
618	9	0
619	9	2
620	9	0
621	9	0
622	9	2
623	9	0
624	9	-1
625	9	0
626	9	1
627	9	-4
628	9	-3
629	9	-4
630	9	0
631	9	0
632	9	0
633	9	0
634	9	-1
635	9	0
636	9	-2
637	9	-5
638	9	-2
639	9	-1
640	9	-1
641	9	0
642	9	0
643	9	0
644	9	-2
645	9	0
646	9	2
647	9	-1
648	9	0
649	9	3
650	9	-5
651	9	0
652	9	0
653	9	0
654	9	-1
655	9	-1
656	9	1
657	9	2
658	9	0
659	9	0
660	9	-2
661	9	-3
662	9	2
663	9	-2
664	9	0
665	9	1
666	9	2
667	9	1
668	9	-4
669	9	-1
670	9	0
671	9	0
672	9	1
673	9	0
674	9	0
675	9	0
676	9	0
677	9	-3
678	9	-1
679	9	-4
680	9	2
681	9	-1
682	9	2
683	9	-3
684	9	-1
685	9	1
686	9	-2
687	9	2
688	9	-4
689	9	-3
690	9	2
691	9	-1
692	9	0
693	9	1
694	9	0
695	9	-1
696	9	0
697	9	-3
698	9	0
699	9	2
700	9	-1
701	9	2
702	9	0
703	9	0
704	9	-2
705	9	2
706	9	0
707	9	0
708	9	1
709	9	0
710	9	0
711	9	2
712	9	1
713	9	0
714	9	-1
715	9	0
716	9	2
717	9	1
718	9	-2
719	9	2
720	9	-5
721	9	0
722	9	1
723	9	1
724	9	0
725	9	-1
726	9	2
727	9	1
728	9	0
729	9	1
730	9	2
731	9	1
732	9	0
733	9	2
734	9	2
735	9	1
736	9	-3
737	9	1
738	9	2
739	9	2
740	9	-1
741	9	-5
742	9	0
743	9	-2
744	9	-7
745	9	1
746	9	-3
747	9	0
748	9	0
749	9	0
750	9	0
751	9	1
752	9	1
753	9	1
754	9	-1
755	9	-3
756	9	-2
757	9	-1
758	9	-2
759	9	0
760	9	1
761	9	0
762	9	2
763	9	2
764	9	-2
765	9	0
766	9	0
767	9	-2
768	9	-2
769	9	-3
770	9	0
771	9	0
772	9	0
773	9	-2
774	9	1
775	9	3
776	9	0
777	9	0
778	9	2
779	9	0
780	9	2
781	9	-3
782	9	-2
783	9	-5
784	9	1
785	9	2
786	9	0
787	9	1
788	9	2
789	9	-2
790	9	-3
791	9	0
792	9	-6
793	9	-1
794	9	2
795	9	0
796	9	0
797	9	-6
798	9	-2
799	9	-3
800	9	-2
801	9	-2
802	9	-1
803	9	-3
804	9	0
805	9	0
806	9	1
807	9	0
808	9	-3
809	9	-1
810	9	1
811	9	-2
812	9	-3
813	9	-4
814	9	0
815	9	-3
816	9	3
817	9	1
818	9	1
819	9	-1
820	9	-3
821	9	-1
822	9	-1
823	9	-1
824	9	1
825	9	0
826	9	0
827	9	-1
828	9	-1
829	9	1
830	9	2
831	9	2
832	9	0
833	9	1
834	9	1
835	9	-4
836	9	-1
837	9	0
838	9	-2
839	9	-4
840	9	-3
841	9	1
842	9	2
843	9	1
844	9	1
845	9	-2
846	9	-1
847	9	3
848	9	1
849	9	2
850	9	0
851	9	-2
852	9	0
853	9	0
854	9	0
855	9	1
856	9	-6
857	9	2
858	9	-3
859	9	1
860	9	-4
861	9	-2
862	9	1
863	9	-6
864	9	0
865	9	3
866	9	-1
867	9	0
868	9	-1
869	9	0
870	9	-2
871	9	0
872	9	1
873	9	0
874	9	3
875	9	1
876	9	0
877	9	0
878	9	1
879	9	3
880	9	-4
881	9	1
882	9	0
883	9	0
884	9	0
885	9	0
886	9	0
887	9	-2
888	9	1
889	9	0
890	9	0
891	9	-1
892	9	4
893	9	-3
894	9	1
895	9	-1
896	9	1
897	9	0
898	9	-1
899	9	0
900	9	-1
901	9	-2
902	9	1
903	9	-1
904	9	0
905	9	1
906	9	0
907	9	2
908	9	-1
909	9	1
910	9	0
911	9	2
912	9	-1
913	9	1
914	9	-1
915	9	1
916	9	2
917	9	-6
918	9	1
919	9	-1
920	9	0
921	9	2
922	9	1
923	9	1
924	9	1
925	9	3
926	9	2
927	9	0
928	9	-5
929	9	1
930	9	0
931	9	-1
932	9	1
933	9	0
934	9	-1
935	9	0
936	9	0
937	9	-4
938	9	0
939	9	2
940	9	2
941	9	-1
942	9	0
943	9	2
944	9	1
945	9	0
946	9	0
947	9	1
948	9	0
949	9	-4
950	9	2
951	9	2
952	9	-3
953	9	-2
954	9	1
955	9	1
956	9	3
957	9	-3
958	9	-2
959	9	0
960	9	1
961	9	-5
962	9	0
963	9	2
964	9	1
965	9	-1
966	9	-2
967	9	0
968	9	0
969	9	1
970	9	-2
971	9	0
972	9	-1
973	9	0
974	9	0
975	9	-5
976	9	-1
977	9	-6
978	9	0
979	9	0
980	9	-1
981	9	1
982	9	-1
983	9	1
984	9	2
985	9	-1
986	9	2
987	9	1
988	9	0
989	9	0
990	9	2
991	9	0
992	9	2
993	9	0
994	9	-3
995	9	1
996	9	-1
997	9	-3
998	9	0
999	9	-1
1000	9	0
1001	9	0
1002	9	-3
1003	9	-1
1004	9	-1
1005	9	0
1006	9	2
1007	9	0
1008	9	1
1009	9	1
1010	9	0
1011	9	-1
1012	9	-2
1013	9	-3
1014	9	-2
1015	9	0
1016	9	-4
1017	9	0
1018	9	1
1019	9	1
1020	9	-3
1021	9	1
1022	9	-1
1023	9	3
1024	9	-7
1	10	0
2	10	0
3	10	0
4	10	0
5	10	-4
6	10	-2
7	10	1
8	10	2
9	10	2
10	10	0
11	10	1
12	10	0
13	10	2
14	10	0
15	10	-6
16	10	-1
17	10	-2
18	10	-2
19	10	-5
20	10	1
21	10	2
22	10	-4
23	10	-3
24	10	0
25	10	0
26	10	-1
27	10	0
28	10	2
29	10	-1
30	10	0
31	10	-5
32	10	1
33	10	-2
34	10	2
35	10	-3
36	10	-1
37	10	-1
38	10	1
39	10	3
40	10	3
41	10	-3
42	10	0
43	10	-5
44	10	1
45	10	-1
46	10	0
47	10	-6
48	10	-2
49	10	1
50	10	2
51	10	1
52	10	1
53	10	-3
54	10	0
55	10	-3
56	10	1
57	10	-6
58	10	-1
59	10	0
60	10	-1
61	10	0
62	10	2
63	10	-1
64	10	2
65	10	1
66	10	0
67	10	-1
68	10	1
69	10	0
70	10	0
71	10	-2
72	10	3
73	10	2
74	10	3
75	10	-2
76	10	1
77	10	-4
78	10	0
79	10	0
80	10	0
81	10	-5
82	10	-2
83	10	-1
84	10	1
85	10	1
86	10	-2
87	10	0
88	10	0
89	10	1
90	10	1
91	10	1
92	10	4
93	10	-1
94	10	1
95	10	-3
96	10	2
97	10	0
98	10	0
99	10	0
100	10	0
101	10	-5
102	10	1
103	10	0
104	10	0
105	10	-3
106	10	-1
107	10	-6
108	10	-1
109	10	0
110	10	0
111	10	-1
112	10	-4
113	10	-2
114	10	1
115	10	-4
116	10	-2
117	10	-2
118	10	-3
119	10	-6
120	10	2
121	10	-1
122	10	0
123	10	0
124	10	0
125	10	3
126	10	0
127	10	0
128	10	-1
129	10	1
130	10	1
131	10	-2
132	10	0
133	10	1
134	10	2
135	10	3
136	10	-1
137	10	0
138	10	-2
139	10	-4
140	10	0
141	10	1
142	10	0
143	10	-7
144	10	0
145	10	-2
146	10	3
147	10	1
148	10	3
149	10	1
150	10	-4
151	10	2
152	10	1
153	10	0
154	10	-1
155	10	2
156	10	-3
157	10	0
158	10	-3
159	10	-2
160	10	-2
161	10	-3
162	10	2
163	10	2
164	10	1
165	10	2
166	10	-1
167	10	2
168	10	0
169	10	-1
170	10	0
171	10	0
172	10	-1
173	10	2
174	10	0
175	10	-7
176	10	2
177	10	-3
178	10	3
179	10	3
180	10	-3
181	10	0
182	10	-5
183	10	2
184	10	3
185	10	-4
186	10	2
187	10	1
188	10	-4
189	10	-2
190	10	-1
191	10	-2
192	10	-2
193	10	1
194	10	0
195	10	1
196	10	2
197	10	-3
198	10	0
199	10	2
200	10	0
201	10	2
202	10	0
203	10	-3
204	10	2
205	10	2
206	10	-4
207	10	0
208	10	-1
209	10	-4
210	10	2
211	10	1
212	10	-3
213	10	-1
214	10	-3
215	10	1
216	10	-1
217	10	1
218	10	-4
219	10	-3
220	10	-4
221	10	-2
222	10	0
223	10	2
224	10	1
225	10	1
226	10	-4
227	10	2
228	10	0
229	10	1
230	10	-2
231	10	1
232	10	-2
233	10	2
234	10	-4
235	10	-4
236	10	0
237	10	0
238	10	2
239	10	-2
240	10	-1
241	10	-1
242	10	0
243	10	0
244	10	2
245	10	-2
246	10	0
247	10	-3
248	10	-2
249	10	1
250	10	1
251	10	-3
252	10	-2
253	10	0
254	10	0
255	10	1
256	10	-1
257	10	-2
258	10	0
259	10	1
260	10	3
261	10	1
262	10	1
263	10	2
264	10	1
265	10	0
266	10	2
267	10	2
268	10	0
269	10	2
270	10	0
271	10	-2
272	10	-2
273	10	-2
274	10	0
275	10	0
276	10	1
277	10	1
278	10	-5
279	10	-5
280	10	-2
281	10	0
282	10	-1
283	10	1
284	10	-5
285	10	1
286	10	0
287	10	-1
288	10	0
289	10	1
290	10	0
291	10	0
292	10	0
293	10	-3
294	10	0
295	10	1
296	10	2
297	10	0
298	10	2
299	10	-4
300	10	-2
301	10	-6
302	10	0
303	10	-5
304	10	-2
305	10	-5
306	10	3
307	10	0
308	10	-4
309	10	-2
310	10	-2
311	10	-1
312	10	3
313	10	1
314	10	-4
315	10	2
316	10	-1
317	10	0
318	10	-6
319	10	-3
320	10	-1
321	10	1
322	10	-1
323	10	0
324	10	2
325	10	-4
326	10	0
327	10	-2
328	10	0
329	10	1
330	10	0
331	10	-4
332	10	-2
333	10	0
334	10	1
335	10	1
336	10	2
337	10	0
338	10	-1
339	10	1
340	10	-2
341	10	-2
342	10	-4
343	10	2
344	10	-2
345	10	2
346	10	0
347	10	-2
348	10	-1
349	10	-2
350	10	2
351	10	1
352	10	-3
353	10	1
354	10	-2
355	10	1
356	10	0
357	10	0
358	10	0
359	10	-3
360	10	0
361	10	0
362	10	0
363	10	-1
364	10	-1
365	10	4
366	10	-1
367	10	-2
368	10	1
369	10	-1
370	10	-1
371	10	-5
372	10	-4
373	10	2
374	10	0
375	10	1
376	10	-1
377	10	-2
378	10	2
379	10	-1
380	10	-2
381	10	0
382	10	0
383	10	2
384	10	0
385	10	-1
386	10	-1
387	10	2
388	10	-5
389	10	2
390	10	0
391	10	2
392	10	0
393	10	1
394	10	0
395	10	-4
396	10	3
397	10	-2
398	10	3
399	10	-7
400	10	2
401	10	2
402	10	-1
403	10	0
404	10	3
405	10	1
406	10	2
407	10	0
408	10	0
409	10	0
410	10	1
411	10	1
412	10	2
413	10	0
414	10	0
415	10	-2
416	10	1
417	10	2
418	10	-5
419	10	1
420	10	1
421	10	-3
422	10	1
423	10	-2
424	10	-3
425	10	-3
426	10	2
427	10	0
428	10	2
429	10	2
430	10	0
431	10	2
432	10	1
433	10	2
434	10	0
435	10	-2
436	10	3
437	10	-2
438	10	0
439	10	-1
440	10	3
441	10	-4
442	10	3
443	10	-3
444	10	2
445	10	0
446	10	1
447	10	1
448	10	2
449	10	1
450	10	-5
451	10	2
452	10	1
453	10	2
454	10	2
455	10	2
456	10	0
457	10	2
458	10	2
459	10	-4
460	10	1
461	10	3
462	10	-1
463	10	-4
464	10	1
465	10	3
466	10	-2
467	10	-5
468	10	-2
469	10	0
470	10	-4
471	10	0
472	10	-3
473	10	-1
474	10	2
475	10	3
476	10	-2
477	10	-1
478	10	0
479	10	-7
480	10	0
481	10	2
482	10	-1
483	10	-1
484	10	-4
485	10	1
486	10	0
487	10	0
488	10	-1
489	10	-4
490	10	1
491	10	-6
492	10	2
493	10	0
494	10	1
495	10	-6
496	10	2
497	10	0
498	10	-2
499	10	1
500	10	-1
501	10	1
502	10	1
503	10	-2
504	10	2
505	10	-1
506	10	1
507	10	-2
508	10	0
509	10	2
510	10	-1
511	10	-5
512	10	-2
513	10	2
514	10	0
515	10	0
516	10	-2
517	10	0
518	10	0
519	10	1
520	10	-1
521	10	0
522	10	0
523	10	0
524	10	-3
525	10	0
526	10	-3
527	10	2
528	10	1
529	10	-3
530	10	1
531	10	-3
532	10	-4
533	10	0
534	10	-4
535	10	2
536	10	3
537	10	0
538	10	-3
539	10	-2
540	10	0
541	10	-1
542	10	0
543	10	-3
544	10	-2
545	10	1
546	10	4
547	10	1
548	10	1
549	10	2
550	10	1
551	10	1
552	10	0
553	10	2
554	10	-6
555	10	-3
556	10	2
557	10	-5
558	10	-1
559	10	1
560	10	0
561	10	1
562	10	0
563	10	3
564	10	-1
565	10	1
566	10	-3
567	10	0
568	10	3
569	10	0
570	10	1
571	10	1
572	10	3
573	10	2
574	10	-2
575	10	1
576	10	2
577	10	0
578	10	-1
579	10	0
580	10	0
581	10	-1
582	10	1
583	10	-2
584	10	0
585	10	1
586	10	-3
587	10	-1
588	10	1
589	10	-1
590	10	0
591	10	0
592	10	0
593	10	-2
594	10	0
595	10	-6
596	10	0
597	10	2
598	10	-1
599	10	-1
600	10	-4
601	10	1
602	10	0
603	10	0
604	10	-3
605	10	2
606	10	0
607	10	-2
608	10	-2
609	10	1
610	10	-4
611	10	1
612	10	1
613	10	2
614	10	1
615	10	-1
616	10	-3
617	10	2
618	10	3
619	10	0
620	10	-1
621	10	0
622	10	-2
623	10	2
624	10	-2
625	10	1
626	10	0
627	10	0
628	10	-2
629	10	1
630	10	0
631	10	0
632	10	3
633	10	1
634	10	-1
635	10	0
636	10	-4
637	10	0
638	10	-1
639	10	-6
640	10	2
641	10	0
642	10	0
643	10	0
644	10	1
645	10	2
646	10	-3
647	10	-2
648	10	-1
649	10	2
650	10	1
651	10	-3
652	10	0
653	10	1
654	10	-7
655	10	0
656	10	0
657	10	1
658	10	3
659	10	-2
660	10	-3
661	10	-4
662	10	-3
663	10	1
664	10	0
665	10	2
666	10	-4
667	10	-3
668	10	-1
669	10	2
670	10	1
671	10	1
672	10	-1
673	10	2
674	10	-5
675	10	-2
676	10	0
677	10	-4
678	10	-2
679	10	-2
680	10	1
681	10	0
682	10	-1
683	10	0
684	10	2
685	10	0
686	10	1
687	10	1
688	10	1
689	10	-1
690	10	-3
691	10	-1
692	10	0
693	10	-2
694	10	-2
695	10	-4
696	10	0
697	10	-3
698	10	1
699	10	2
700	10	-1
701	10	0
702	10	-1
703	10	2
704	10	0
705	10	0
706	10	0
707	10	0
708	10	1
709	10	0
710	10	-1
711	10	-2
712	10	2
713	10	-1
714	10	0
715	10	0
716	10	3
717	10	3
718	10	-2
719	10	1
720	10	-3
721	10	0
722	10	-2
723	10	0
724	10	-1
725	10	-3
726	10	-4
727	10	0
728	10	0
729	10	1
730	10	-1
731	10	0
732	10	1
733	10	-1
734	10	-2
735	10	2
736	10	1
737	10	-1
738	10	-2
739	10	0
740	10	0
741	10	2
742	10	-1
743	10	2
744	10	0
745	10	0
746	10	-3
747	10	0
748	10	0
749	10	0
750	10	2
751	10	0
752	10	0
753	10	1
754	10	-3
755	10	-6
756	10	2
757	10	0
758	10	2
759	10	0
760	10	-3
761	10	0
762	10	-3
763	10	1
764	10	-5
765	10	1
766	10	0
767	10	1
768	10	0
769	10	1
770	10	0
771	10	0
772	10	0
773	10	4
774	10	-2
775	10	-2
776	10	-1
777	10	0
778	10	0
779	10	0
780	10	-5
781	10	3
782	10	2
783	10	-6
784	10	-2
785	10	-2
786	10	-1
787	10	2
788	10	-3
789	10	-3
790	10	0
791	10	0
792	10	1
793	10	0
794	10	-2
795	10	-2
796	10	0
797	10	-1
798	10	-4
799	10	1
800	10	2
801	10	0
802	10	1
803	10	0
804	10	2
805	10	0
806	10	-3
807	10	0
808	10	1
809	10	0
810	10	1
811	10	2
812	10	-2
813	10	5
814	10	-1
815	10	-3
816	10	1
817	10	0
818	10	-3
819	10	2
820	10	-2
821	10	-1
822	10	-1
823	10	1
824	10	0
825	10	2
826	10	-2
827	10	-3
828	10	2
829	10	2
830	10	-1
831	10	0
832	10	-2
833	10	0
834	10	2
835	10	1
836	10	2
837	10	1
838	10	0
839	10	2
840	10	0
841	10	-2
842	10	1
843	10	-2
844	10	3
845	10	2
846	10	2
847	10	0
848	10	-5
849	10	1
850	10	0
851	10	0
852	10	2
853	10	-1
854	10	-3
855	10	-4
856	10	-2
857	10	-1
858	10	-2
859	10	-1
860	10	-3
861	10	0
862	10	1
863	10	1
864	10	2
865	10	-1
866	10	2
867	10	-1
868	10	-1
869	10	2
870	10	1
871	10	0
872	10	-1
873	10	1
874	10	-1
875	10	-2
876	10	0
877	10	-3
878	10	-1
879	10	0
880	10	1
881	10	2
882	10	1
883	10	-5
884	10	-1
885	10	1
886	10	0
887	10	-1
888	10	-2
889	10	-3
890	10	0
891	10	-1
892	10	0
893	10	0
894	10	1
895	10	-1
896	10	-2
897	10	0
898	10	-1
899	10	-2
900	10	-3
901	10	-5
902	10	2
903	10	1
904	10	2
905	10	1
906	10	-1
907	10	0
908	10	0
909	10	1
910	10	-2
911	10	1
912	10	0
913	10	0
914	10	-1
915	10	1
916	10	0
917	10	-2
918	10	1
919	10	-1
920	10	-1
921	10	-1
922	10	1
923	10	2
924	10	-4
925	10	2
926	10	-1
927	10	1
928	10	2
929	10	1
930	10	-5
931	10	-2
932	10	-1
933	10	0
934	10	1
935	10	0
936	10	2
937	10	-2
938	10	0
939	10	1
940	10	0
941	10	0
942	10	0
943	10	0
944	10	-3
945	10	-2
946	10	0
947	10	3
948	10	-1
949	10	3
950	10	1
951	10	2
952	10	1
953	10	2
954	10	2
955	10	-2
956	10	2
957	10	-1
958	10	-1
959	10	0
960	10	3
961	10	0
962	10	-1
963	10	0
964	10	2
965	10	0
966	10	-4
967	10	1
968	10	0
969	10	-1
970	10	-3
971	10	0
972	10	3
973	10	2
974	10	0
975	10	-3
976	10	-3
977	10	3
978	10	-3
979	10	1
980	10	-1
981	10	0
982	10	-6
983	10	-2
984	10	1
985	10	0
986	10	-2
987	10	-2
988	10	1
989	10	0
990	10	-1
991	10	-5
992	10	-2
993	10	2
994	10	1
995	10	-1
996	10	-3
997	10	2
998	10	-1
999	10	2
1000	10	-1
1001	10	0
1002	10	1
1003	10	-1
1004	10	1
1005	10	1
1006	10	-1
1007	10	0
1008	10	0
1009	10	-2
1010	10	-2
1011	10	2
1012	10	3
1013	10	2
1014	10	1
1015	10	1
1016	10	0
1017	10	2
1018	10	-2
1019	10	0
1020	10	-5
1021	10	0
1022	10	-1
1023	10	-2
1024	10	3
